id,model_id,name,start_year,end_year,facelift_year,platform,chassis_code
toyota_corolla_e120,toyota_corolla,E120,2000,2006.0,2004.0,Toyota MC platform,
toyota_corolla_e140_e150,toyota_corolla,E140/E150 (9th Gen),2006,2013.0,2010.0,Toyota MC platform,
toyota_corolla_e170_e180,toyota_corolla,E170/E180 (11th Gen),2012,2018.0,2016.0,Toyota MC platform,
toyota_corolla_e210,toyota_corolla,E210 (12th Gen),2018,2025.0,2022.0,Toyota New Global Architecture (TNGA-C),
toyota_camry_code_xv20,toyota_camry,XV20,1996,2001.0,1999.0,Toyota K platform,
toyota_camry_code_xv30,toyota_camry,XV30,2001,2006.0,2004.0,Toyota K platform,
toyota_camry_code_xv40,toyota_camry,XV40,2006,2011.0,2009.0,Toyota K platform,
toyota_camry_code_xv50,toyota_camry,XV50,2011,2017.0,2014.0,Toyota K platform,
toyota_camry_code_xv70,toyota_camry,XV70,2017,2025.0,2021.0,Toyota TNGA-K platform,
toyota_sienna_code_1,toyota_sienna,XL10,1997,2003.0,2000.0,Toyota MC platform,
toyota_sienna_code_2,toyota_sienna,XL20,2003,2010.0,2006.0,Toyota K platform,
toyota_sienna_code_3,toyota_sienna,XL30,2010,2020.0,2017.0,Toyota Q platform,
toyota_sienna_code_4,toyota_sienna,XL40,2020,2025.0,,Toyota TNGA-K platform,
toyota_highlander_1,toyota_highlander,XU20,2000,2007.0,2004.0,Toyota K platform,
toyota_highlander_2,toyota_highlander,XU40,2007,2013.0,2011.0,Toyota K platform,
toyota_highlander_3,toyota_highlander,XU50,2013,2019.0,2016.0,Toyota K platform,
toyota_highlander_4,toyota_highlander,XU70,2019,2025.0,2023.0,Toyota TNGA-K platform,
toyota_rav4_xa20,toyota_rav4,XA20,2000,2005.0,2003.0,Toyota MC Platform,
toyota_rav4_xa30,toyota_rav4,XA30,2005,2012.0,2008.0,Toyota MC Platform,
toyota_rav4_xa40,toyota_rav4,XA40,2012,2018.0,2015.0,Toyota MC Platform,
toyota_rav4_xa50,toyota_rav4,XA50,2018,2025.0,2022.0,Toyota New Global Architecture (TNGA-K),
toyota_tacoma_1st_gen,toyota_tacoma,N140/N150/N160/N170/N190,1995,2004.0,2001.0,Hilux derived,
toyota_tacoma_2nd_gen,toyota_tacoma,N200,2005,2015.0,2012.0,Toyota Truck Platform,
toyota_tacoma_3rd_gen,toyota_tacoma,N300,2016,2023.0,2020.0,Toyota New Global Architecture (TNGA-F),
toyota_tacoma_4th_gen,toyota_tacoma,N400,2024,2025.0,,Toyota New Global Architecture (TNGA-F),
toyota_tundra_xk30_xk40,toyota_tundra,First Generation (XK30/XK40),2000,2006.0,2003.0,Toyota T100/Tundra Platform,
toyota_tundra_xk50,toyota_tundra,Second Generation (XK50),2007,2021.0,2014.0,Toyota Tundra/Sequoia Platform,
toyota_tundra_xk70,toyota_tundra,Third Generation (XK70),2022,2025.0,,Toyota TNGA-F Platform,
toyota_prius_gen1,toyota_prius,First Generation,1997,2003.0,2000.0,NHW10/NHW11,
toyota_prius_gen2,toyota_prius,Second Generation,2003,2009.0,2006.0,NHW20,
toyota_prius_gen3,toyota_prius,Third Generation,2009,2015.0,2012.0,ZVW30,
toyota_prius_gen4,toyota_prius,Fourth Generation,2015,2022.0,2018.0,ZVW50/ZVW51/ZVW55,
toyota_prius_gen5,toyota_prius,Fifth Generation,2022,2025.0,,ZVW60/ZVW65,
toyota_lexus_es_code_2000,toyota_lexus_es,XV20,2000,2001.0,,Toyota K platform,
toyota_lexus_es_code_2002,toyota_lexus_es,XV30,2002,2006.0,2004.0,Toyota K platform,
toyota_lexus_es_code_2007,toyota_lexus_es,XV40,2007,2012.0,2010.0,Toyota K platform,
toyota_lexus_es_code_2013,toyota_lexus_es,XV60,2013,2018.0,2016.0,Toyota K platform,
toyota_lexus_es_code_2019,toyota_lexus_es,XZ10,2019,2025.0,2023.0,Toyota GA-K platform,
toyota_lexus_ls_400_x_f20_f30,toyota_lexus_ls,LS 400 (XF20),1994,2000.0,1997.0,XF20,
toyota_lexus_ls_430_x_f40,toyota_lexus_ls,LS 430 (XF40),2000,2006.0,2003.0,XF40,
toyota_lexus_ls_460_x_f50,toyota_lexus_ls,LS 460 / LS 460L (XF50),2006,2017.0,2009.0,XF50,
toyota_lexus_ls_600h_x_f50,toyota_lexus_ls,LS 600h / LS 600hL (XF50),2007,2016.0,2009.0,XF50,
toyota_lexus_ls_500_x_f60,toyota_lexus_ls,LS 500 / LS 500h (XF60),2017,2024.0,2020.0,XF60,
toyota_lexus_ls_500_x_f70,toyota_lexus_ls,LS 500 / LS 500h (XF70),2024,2025.0,,XF70,
toyota_lexus_rx_1998_2003,toyota_lexus_rx,XU10,1998,2003.0,2001.0,Toyota K platform,
toyota_lexus_rx_2003_2008,toyota_lexus_rx,XU30,2003,2008.0,2006.0,Toyota K platform,
toyota_lexus_rx_2008_2015,toyota_lexus_rx,AL10,2008,2015.0,2012.0,Toyota K platform,
toyota_lexus_rx_2015_2022,toyota_lexus_rx,AL20,2015,2022.0,2019.0,Toyota K platform,
toyota_lexus_rx_2022_present,toyota_lexus_rx,ABL10,2022,2025.0,,GA-K platform,
toyota_4runner_code_n180,toyota_4runner,N180,1996,2002.0,2000.0,Hilux Surf,
toyota_4runner_code_n210,toyota_4runner,N210,2003,2009.0,,N210,
toyota_4runner_code_n280,toyota_4runner,N280,2010,2024.0,2014.0,N280,
toyota_4runner_code_n300,toyota_4runner,N300,2024,2025.0,,TNGA-F,
toyota_sequoia_gen1,toyota_sequoia,First Generation,2000,2007.0,2005.0,Toyota Tundra (XK30/XK40),
toyota_sequoia_gen2,toyota_sequoia,Second Generation,2007,2022.0,2017.0,Toyota Tundra (XK50),
toyota_sequoia_gen3,toyota_sequoia,Third Generation,2022,2025.0,,Toyota Tundra (XK70),
toyota_matrix_2003_2008,toyota_matrix,First Generation,2003,2008.0,2005.0,Toyota MC platform,
toyota_matrix_2009_2013,toyota_matrix,Second Generation,2009,2013.0,2011.0,Toyota MC platform,
toyota_celica_t230,toyota_celica,T230,1999,2006.0,2002.0,Toyota MC platform,
toyota_supra_a80,toyota_supra,A80,1993,2002.0,2000.0,Toyota Z Platform,
toyota_supra_a90,toyota_supra,A90/J29,2019,2025.0,2023.0,BMW Z4 (G29) Platform,
toyota_yaris_xp10,toyota_yaris,First Generation (XP10),1999,2005.0,2003.0,NBC Platform,
toyota_yaris_xp90,toyota_yaris,Second Generation (XP90),2005,2011.0,2009.0,Toyota B Platform,
toyota_yaris_xp130,toyota_yaris,Third Generation (XP130),2011,2020.0,2014.0,Toyota B Platform,
toyota_yaris_xp210,toyota_yaris,Fourth Generation (XP210),2020,2025.0,,GA-B Platform,
toyota_avalon_xx20,toyota_avalon,XX20,2000,2004.0,,Toyota K platform,
toyota_avalon_xx30,toyota_avalon,XX30,2005,2012.0,2008.0,Toyota K platform,
toyota_avalon_xx40,toyota_avalon,XX40,2013,2018.0,2016.0,Toyota K platform (GA-K),
toyota_avalon_xx50,toyota_avalon,XX50,2019,2022.0,,Toyota K platform (GA-K),
toyota_land_cruiser_100_series,toyota_land_cruiser,100 Series,1998,2007.0,2002.0,J100,
toyota_land_cruiser_200_series,toyota_land_cruiser,200 Series,2007,2021.0,2015.0,J200,
toyota_land_cruiser_300_series,toyota_land_cruiser,300 Series,2021,2025.0,,TNGA-F (J300),
toyota_land_cruiser_70_series_reintroduction,toyota_land_cruiser,70 Series (Reintroduction),2023,2025.0,,J70,
toyota_fj_cruiser_j15,toyota_fj_cruiser,FJ Cruiser,2006,2014.0,2011.0,J150 (shared platform elements with Land Cruiser Prado),
toyota_venza_2009,toyota_venza,Venza (First Generation),2009,2015.0,2013.0,Toyota D platform,
toyota_venza_2021,toyota_venza,Venza (Second Generation),2021,2025.0,,Toyota TNGA-K platform,
toyota_c-hr_ngx10_ngx50_2016,toyota_c-hr,First Generation (NGX10/NGX50),2016,2023.0,2019.0,TNGA-C (GA-C),
toyota_c-hr_zwa10_zdx10_2023,toyota_c-hr,Second Generation (AXP20/ZWA10/etc),2023,2025.0,,TNGA-C (GA-C),
toyota_corolla_cross_2020_present,toyota_corolla_cross,Corolla Cross,2020,2025.0,,TNGA-C,
toyota_bz4x_gen1,toyota_bz4x,First Generation,2022,2025.0,,e-TNGA,
toyota_gr86_zn8,toyota_gr86,GR86 (Second Generation),2021,2025.0,,ZN8,
toyota_86_zn6,toyota_86,86 (First Generation),2012,2020.0,2016.0,ZN6,
honda_civic_2001_2005_code,honda_civic_2001_2005,EM2/ES1/EP3,2000,2005.0,,7th Generation,
honda_accord_2003_2007_code,honda_accord_2003_2007,"CL7/CL9 (Japan/Europe), CM4/CM5/CM6 (North America)",2003,2007.0,,7th Generation,
honda_jazz_2001_2008_code,honda_jazz_2001_2008,GD1/GD2/GD3/GD4/GG1/GG2/GG3/GG4,2001,2008.0,2005.0,GD,
honda_s2000_ap1,honda_s2000,AP1,1999,2003.0,,S2000,
honda_s2000_ap2,honda_s2000,AP2,2004,2009.0,2006.0,S2000,
honda_crv_2002_2006_code,honda_crv_2002_2006,RD4-RD7,2001,2006.0,2004.0,Honda Global Compact Platform,
honda_civic_2006_2011_code,honda_civic_2006_2011,8th Generation (FD/FA/FG/FK/FN),2006,2011.0,2009.0,Civic Platform,
honda_accord_2008_2012_code,honda_accord_2008_2012,CU1/CU2/CU3/CU4/CU5,2008,2012.0,,8th Generation (North America/Japan/China),
honda_accord_2008_2015_code,honda_accord_2008_2015,CU1/CU2/CU3/CU4/CU5,2008,2015.0,,8th Generation (Europe/Other Markets - Accord Tourer/Sedan),
honda_accord_2013_2017_code,honda_accord_2013_2017,CR2/CR3/CR4/CR5/CR6/CR7/CR9,2013,2017.0,2016.0,9th Generation (North America/Japan/China),
honda_accord_2018_2022_code,honda_accord_2018_2022,CV1/CV2/CV3,2018,2022.0,2021.0,10th Generation,
honda_accord_2023_present_code,honda_accord_2023_present,CV4/CV5,2023,2025.0,,11th Generation,
honda_jazz_2008_2015_code,honda_jazz_2008_2015,GE Series,2008,2015.0,2011.0,GE,
honda_jazz_2013_2020_code,honda_jazz_2013_2020,GK Series,2013,2020.0,2017.0,GK,
honda_jazz_2020_present_code,honda_jazz_2020_present,GR Series,2020,2025.0,,GR,
honda_crv_2007_2011_code,honda_crv_2007_2011,RE1-RE7,2007,2011.0,2010.0,Honda Global Compact Platform,
honda_crv_2012_2016_code,honda_crv_2012_2016,RM1-RM4,2012,2016.0,2015.0,Honda Global Compact Platform,
honda_crv_2017_2022_code,honda_crv_2017_2022,"RW1-RW6, RT1-RT6",2017,2022.0,2020.0,Honda Compact Global Platform,
honda_crv_2023_present_code,honda_crv_2023_present,"RS, RV1-RV6",2023,2025.0,,Honda Compact Global Platform,
honda_insight_2000_2006_code,honda_insight_2000_2006,ZE1,2000,2006.0,2004.0,Honda Integrated Motor Assist (IMA),
honda_insight_2009_2014_code,honda_insight_2009_2014,ZE2/ZE3,2009,2014.0,2012.0,Honda Integrated Motor Assist (IMA),
honda_insight_2019_2022_code,honda_insight_2019_2022,ZE4,2019,2022.0,,Honda Two-Motor Hybrid System (i-MMD),
honda_crz_2010_2016_zf1,honda_crz_2010_2016,CR-Z,2010,2016.0,2013.0,IMA Hybrid System (Based on Honda Global Small Car Platform),
honda_civic_2012_2015_code,honda_civic_2012_2015,9th Generation (FB/FG/FK),2011,2015.0,2014.0,FB/FG/FK,
honda_civic_2016_2021_code,honda_civic_2016_2021,10th Generation (FC/FK),2015,2021.0,2019.0,FC/FK,
honda_civic_2022_present_code,honda_civic_2022_present,11th Generation (FE/FL),2021,2025.0,,FE/FL,
honda_hrv_2000_2006_gh1,honda_hrv_2000_2006,HR-V (GH1-GH4),1998,2006.0,2001.0,Honda Logo/HR-V Platform,
honda_civic_2001_2005_7th_gen,civic_7th_gen,7th Generation (ES/EP/EU),2000,2005.0,2003.0,Honda Global Small Car Platform,
honda_civic_2006_2011_8th_gen,civic_8th_gen,8th Generation (FD/FA/FG/FK/FN),2005,2011.0,2008.0,Honda Global Compact Platform,
honda_civic_2012_2015_9th_gen,civic_9th_gen,9th Generation (FB/FG/FK),2011,2015.0,2014.0,Honda Global Compact Platform,
honda_civic_2016_2021_10th_gen,civic_10th_gen,10th Generation (FC/FK),2015,2021.0,2018.0,Honda Global Compact Platform,
honda_civic_2022_present_11th_gen,civic_11th_gen,11th Generation (FE/FL),2021,2025.0,,Honda Global Compact Platform,
honda_nsx_2016_2022_code,honda_nsx_2016_2022,NC1,2016,2022.0,2022.0,Acura NSX (2nd Gen),
honda_hrv_1998_2006_code,honda_hrv_1998_2006,GH1/GH2/GH3/GH4,1998,2006.0,2001.0,Honda Real Time 4WD,
honda_hrv_2013_2021_code,honda_hrv_2013_2021,RU1/RU2/RU3/RU4 (Global/USDM/JDM),2013,2021.0,2018.0,Honda Global Small Car Platform (Global) / Honda Global Architecture (USDM),
honda_hrv_2021_present_code,honda_hrv_2021_present,RV1/RV2/RV3/RV4/RV5/RV6 (JDM/Asia) / RS/Sport (USDM/Canada),2021,2025.0,,Honda Global Architecture (e:HEARtect),
honda_e_2020_present,ZC7,Honda e,2020,2025.0,,Honda e Platform,
ford_fiesta_mk6,ford_fiesta,Mk6 (Mark VI),2002,2008.0,2005.0,Ford B3 platform,
ford_fiesta_mk7,ford_fiesta,Mk7 (Mark VII),2008,2017.0,2013.0,Ford B299 platform,
ford_fiesta_mk8,ford_fiesta,Mk8 (Mark VIII),2017,2023.0,2021.0,Ford B515 platform,
ford_focus_mk1,ford_focus,Mk1,1998,2004.0,2001.0,C170,
ford_focus_mk2,ford_focus,Mk2,2004,2011.0,2008.0,C1,
ford_focus_mk3,ford_focus,Mk3,2011,2018.0,2014.0,Global C,
ford_focus_mk4,ford_focus,Mk4,2018,2025.0,,Global C,
ford_mondeo_mk3,ford_mondeo,Mk III (CD132),2000,2007.0,2003.0,Ford CD132,
ford_mondeo_mk4,ford_mondeo,Mk IV (CD345),2007,2014.0,2010.0,Ford CD345,
ford_mondeo_mk5_eu,ford_mondeo,Mk V (CD391 - European/International),2014,2022.0,2019.0,Ford CD391,
ford_mondeo_mk5_us,ford_fusion,Fusion (North America - CD391),2013,2020.0,2017.0,Ford CD391,
ford_mondeo_mk6_china,ford_mondeo,Mk VI (CD790 - China Only),2022,2025.0,,Ford CD790,
ford_mustang_s197,ford_mustang,S197,2005,2014.0,2010.0,Ford D2C,
ford_mustang_s550,ford_mustang,S550,2015,2023.0,2018.0,Ford S550,
ford_mustang_s650,ford_mustang,S650,2024,2025.0,,Ford S650,
ford_puma_code_1,ford_puma,Ford Puma (First Generation),1997,2002.0,2000.0,Ford Fiesta Mk4/Mk5 (J5/J7),
ford_puma_code_2,ford_puma,Ford Puma (Second Generation),2019,2025.0,,Ford B-car platform (B583),
ford_kuga_mk1,ford_kuga,Kuga Mk1,2008,2012.0,2010.0,C1,
ford_kuga_mk2,ford_kuga,Kuga Mk2 (C520),2012,2019.0,2016.0,Global C,
ford_kuga_mk3,ford_kuga,Kuga Mk3 (C552),2019,2025.0,2023.0,C2,
ford_explorer_3rd_gen,ford_explorer,U152,2002,2005.0,,Ford U platform,
ford_explorer_4th_gen,ford_explorer,U251,2006,2010.0,,Ford U platform,
ford_explorer_5th_gen,ford_explorer,U502,2011,2019.0,2016.0,Ford D4 platform,
ford_explorer_6th_gen,ford_explorer,U625,2020,2025.0,,Ford CD6 platform,
ford_transit_custom_2012,ford_transit_custom,V362,2012,2024.0,2018.0,Ford Transit/Tourneo Custom (V362),
ford_transit_custom_2024,ford_transit_custom,V377,2024,2025.0,,Ford Transit/Tourneo Custom (V377),
ford_s_max_mk1,ford_s_max,Mk1,2006,2015.0,2010.0,Ford CD345/CD347,
ford_s_max_mk2,ford_s_max,Mk2,2015,2023.0,,Ford CD539,
ford_galaxy_mk1,ford_galaxy,Mk1 (VW Sharan/Alhambra Platform),2000,2006.0,2003.0,VW Type 25,
ford_galaxy_mk2,ford_galaxy,Mk2 (Ford Mondeo Platform),2006,2015.0,2010.0,Ford CD345,
ford_galaxy_mk3,ford_galaxy,Mk3 (Ford Mondeo Platform),2015,2023.0,2019.0,Ford CD4,
ford_b_max_2012,ford_b_max,Ford B-Max (First Generation),2012,2017.0,,Ford Global B Platform (shared with Fiesta Mk7),
ford_c_max_gen1,ford_c_max,First Generation,2003,2010.0,2007.0,Ford C1 platform,
ford_c_max_gen2,ford_c_max,Second Generation,2010,2019.0,2014.0,Ford C1 platform,
ford_ka_mk1,ford_ka,Mk1 (First Generation),1996,2008.0,2003.0,Ford KA/Fiesta platform,
ford_ka_mk2,ford_ka,Mk2 (Second Generation),2008,2016.0,,Ford B3 platform (shared with Fiat 500),
ford_ka_plus,ford_ka,Ka+,2016,2021.0,,Ford B-car platform (based on Fiesta Mk7/Mk8),
ford_ecosport_b515,ford_ecosport,B515,2003,2012.0,2007.0,Ford B platform,
ford_ecosport_b515_facelift_2007,ford_ecosport,B515 (Facelift),2007,2012.0,2007.0,Ford B platform,
ford_ecosport_b583,ford_ecosport,B583 (Global/India/Europe),2012,2019.0,2017.0,Ford Global B platform,
ford_ecosport_b583_facelift_2017,ford_ecosport,B583 (Facelift),2017,2019.0,2017.0,Ford Global B platform,
ford_ecosport_c552,ford_ecosport,C552 (China/Brazil/North America),2018,2023.0,,Ford Global B platform,
ford_ecosport_c552_facelift_2021,ford_ecosport,C552 (Facelift),2021,2023.0,2021.0,Ford Global B platform,
ford_mustang_mach_e_2021,ford_mustang_mach_e,First Generation,2021,2025.0,,Ford Global C Platform (Modified),
ford_tourneo_connect_2002,ford_tourneo_connect,Tourneo Connect (First Generation),2002,2013.0,2009.0,Ford C170,
ford_tourneo_connect_2013,ford_tourneo_connect,Tourneo Connect (Second Generation),2013,2021.0,2018.0,Ford C2 platform (based on Ford Focus Mk3),
ford_tourneo_connect_2021,ford_tourneo_connect,Tourneo Connect (Third Generation),2021,2025.0,,VW Caddy 5 platform (VW MQB23),
ford_transit_code_2000,ford_transit,V184/V185,2000,2006.0,2006.0,Ford Transit (fifth generation),
ford_transit_code_2006,ford_transit,V347/V348,2006,2013.0,2013.0,Ford Transit (sixth generation),
ford_transit_code_2013,ford_transit,V363,2013,2019.0,2019.0,Ford Transit (seventh generation),
ford_transit_code_2019,ford_transit,V363 Facelift,2019,2024.0,,Ford Transit (seventh generation),
ford_transit_code_2024,ford_transit,V378,2024,2025.0,,Ford Transit (eighth generation),
ford_ranger_t6_1,ford_ranger,T6 (First Generation),2011,2015.0,,Ford T6,
ford_ranger_t6_2,ford_ranger,T6 (Facelift 1),2015,2018.0,2015.0,Ford T6,
ford_ranger_t6_3,ford_ranger,T6 (Facelift 2 / P375),2018,2022.0,2018.0,Ford T6,
ford_ranger_t6_4,ford_ranger,T6.2 (Facelift 3 / P703),2022,2025.0,2022.0,Ford T6,
ford_ranger_us_1,ford_ranger,North American (P375),2019,2022.0,,Ford T6,
ford_ranger_us_2,ford_ranger,North American (P703),2023,2025.0,,Ford T6,
ford_ranger_er_1,ford_ranger,Ranger/Everest (ER),2023,2025.0,,Ford T6,
ford_ranger_er_2,ford_ranger,Ranger/Everest (ER Facelift),2025,2025.0,2025.0,Ford T6,
volkswagen_golf_mk4,volkswagen_golf,Golf Mk4,1997,2006.0,,A4 (PQ34),
volkswagen_golf_mk5,volkswagen_golf,Golf Mk5,2003,2009.0,,PQ35,
volkswagen_golf_mk6,volkswagen_golf,Golf Mk6,2008,2013.0,,PQ35,
volkswagen_golf_mk7,volkswagen_golf,Golf Mk7,2012,2020.0,2017.0,MQB A1 (PQ37),
volkswagen_golf_mk8,volkswagen_golf,Golf Mk8,2019,2025.0,,MQB Evo,
volkswagen_polo_mk4,volkswagen_polo,Polo Mk4,2002,2009.0,2005.0,PQ24,
volkswagen_polo_mk5,volkswagen_polo,Polo Mk5,2009,2017.0,2014.0,PQ25,
volkswagen_polo_mk6,volkswagen_polo,Polo Mk6,2017,2025.0,2021.0,MQB A0,
volkswagen_passat_b5_facelift,volkswagen_passat,B5 (Facelift),2000,2005.0,2000.0,B5,
volkswagen_passat_b6,volkswagen_passat,B6,2005,2010.0,,PQ46,
volkswagen_passat_b7,volkswagen_passat,B7,2010,2014.0,,PQ46,
volkswagen_passat_b8,volkswagen_passat,B8,2014,2023.0,2019.0,MQB,
volkswagen_passat_b9,volkswagen_passat,B9,2023,2025.0,,MQB Evo,
volkswagen_tiguan_5n,volkswagen_tiguan,Tiguan (Typ 5N),2007,2018.0,2011.0,PQ35,
volkswagen_tiguan_bw2,volkswagen_tiguan,Tiguan (Typ BW2),2016,2024.0,2020.0,MQB A1,
volkswagen_tiguan_dr1,volkswagen_tiguan,Tiguan (Typ DR1) / Tiguan Allspace,2017,2024.0,2021.0,MQB A2,
volkswagen_tiguan_j8,volkswagen_tiguan,Tiguan (Typ J8),2024,2025.0,,MQB Evo,
volkswagen_touareg_generation_1,volkswagen_touareg,Touareg (First Generation),2002,2010.0,2007.0,PL71,
volkswagen_touareg_generation_2,volkswagen_touareg,Touareg (Second Generation),2010,2018.0,2014.0,PL72,
volkswagen_touareg_generation_3,volkswagen_touareg,Touareg (Third Generation),2018,2025.0,2023.0,MLB Evo,
volkswagen_id3_gen1,volkswagen_id3,ID.3 (Pre-facelift),2019,2023.0,,MEB,
volkswagen_id3_gen2,volkswagen_id3,ID.3 (Facelift),2023,2025.0,2023.0,MEB,
volkswagen_id4_gen1,volkswagen_id4,First Generation,2020,2023.0,,MEB,
volkswagen_id4_gen2,volkswagen_id4,Second Generation (Facelift),2024,2025.0,2024.0,MEB,
volkswagen_id5_gen1,volkswagen_id5,First Generation,2022,2025.0,,MEB,
volkswagen_id6_gen1,volkswagen_id6,First Generation,2021,2025.0,,MEB,
volkswagen_t_roc_gen1,volkswagen_t_roc,First Generation,2017,2022.0,2021.0,MQB A1,
volkswagen_t_roc_gen2,volkswagen_t_roc,Second Generation,2022,2025.0,,MQB A1,
volkswagen_taigo_2021_present,volkswagen_taigo,Volkswagen Taigo,2021,2025.0,,MQB A0,
volkswagen_up_2011_present,volkswagen_up,Up!,2011,2024.0,2016.0,VW Group NSF (New Small Family),
volkswagen_sharan_generation_1,volkswagen_sharan,Sharan (Mk1),2000,2010.0,2006.0,Volkswagen Group A4 (PQ34),
volkswagen_sharan_generation_2,volkswagen_sharan,Sharan (Mk2),2010,2023.0,2015.0,Volkswagen Group MQB,
volkswagen_touran_1st_gen,volkswagen_touran,Typ 1T,2003,2015.0,2010.0,PQ35,
volkswagen_touran_2nd_gen,volkswagen_touran,Typ 5T,2015,2023.0,2021.0,MQB,
volkswagen_touran_3rd_gen,volkswagen_touran,Typ 2T,2023,2025.0,,MQB Evo,
volkswagen_arteon_b38,volkswagen_arteon,Arteon (First Generation),2017,2023.0,2020.0,MQB,
volkswagen_arteon_b39,volkswagen_arteon,Arteon (Second Generation),2023,2025.0,,MQB Evo,
volkswagen_scirocco_mk3,volkswagen_scirocco,Scirocco Mk3,2008,2017.0,2014.0,PQ35,
volkswagen_eos_gen1,volkswagen_eos,First Generation,2006,2015.0,2011.0,PQ35,
volkswagen_caddy_2000_2003,volkswagen_caddy,Caddy II (Typ 9K),2000,2003.0,,Volkswagen Group A03 (Polo 6N),
volkswagen_caddy_2003_2010,volkswagen_caddy,Caddy III (Typ 2K),2003,2010.0,,Volkswagen Group PQ35,
volkswagen_caddy_2010_2015,volkswagen_caddy,Caddy III Facelift (Typ 2K/2C),2010,2015.0,2010.0,Volkswagen Group PQ35,
volkswagen_caddy_2015_2020,volkswagen_caddy,Caddy IV (Typ 2K/2C),2015,2020.0,2015.0,Volkswagen Group PQ35,
volkswagen_caddy_2020_present,volkswagen_caddy,Caddy V (Typ SB),2020,2025.0,,Volkswagen Group MQB Evo,
volkswagen_multivan_t4,volkswagen_multivan,T4,1990,2003.0,1996.0,Volkswagen T4 platform,
volkswagen_multivan_t5,volkswagen_multivan,T5,2003,2015.0,2009.0,Volkswagen T5 platform,
volkswagen_multivan_t6,volkswagen_multivan,T6,2015,2019.0,,Volkswagen T6 platform,
volkswagen_multivan_t61,volkswagen_multivan,T6.1,2019,2024.0,,Volkswagen T6.1 platform,
volkswagen_multivan_t7,volkswagen_multivan,T7,2021,2025.0,,MQB Evo platform,
volkswagen_id7_gen1,volkswagen_id7,First Generation,2023,,,MEB,
bmw_1series_f40_gen1,bmw_1series_f40,First Generation (F40),2019,2025.0,,UKL2,
bmw_2series_f44_gen1,bmw_2series_f44,F44,2019,2025.0,,UKL2,
bmw_2series_f22_code,bmw_2series_f22,2 Series Coupe (F22),2013,2021.0,2017.0,F22,
bmw_2series_g42_code,bmw_2series_g42,2 Series Coupe (G42),2021,2025.0,,G42,
bmw_2series_f46_gen1,bmw_2series_f46,F46,2015,2021.0,,UKL2,
bmw_3series_g20_2018,bmw_3series_g20,G20 (Sedan),2018,2025.0,2022.0,CLAR,
bmw_3series_g21_2019,bmw_3series_g21,G21 (Touring/Wagon),2019,2025.0,2022.0,CLAR,
bmw_4series_g22_gen1,bmw_4series_g22,First Generation (G22),2020,2023.0,,CLAR,
bmw_4series_g22_gen2,bmw_4series_g22,Second Generation (G22 LCI),2024,2025.0,2024.0,CLAR,
bmw_4series_g23_gen1,bmw_4series_g23,First Generation (G23),2021,2024.0,,CLAR,
bmw_4series_g23_gen2,bmw_4series_g23,Second Generation (G23 LCI),2025,2025.0,2025.0,CLAR,
bmw_4series_g26_gen1,bmw_4series_g26,First Generation,2021,2025.0,,CLAR,
bmw_5series_g30_2017_2020,bmw_5series_g30,G30 (Pre-LCI),2017,2020.0,,G30,
bmw_5series_g30_2021_2023,bmw_5series_g30,G30 LCI (Facelift),2021,2023.0,2021.0,G30,
bmw_5series_g31_2017_present,bmw_5series_g31,BMW 5 Series Touring (G31),2017,2023.0,2020.0,Cluster Architecture (CLAR),
bmw_7series_g11_g12,g11_g12,7 Series (G11/G12),2015,2022.0,2019.0,Modular Longitudinal Architecture (CLAR),
bmw_8series_g15_2018,bmw_8series_g15,BMW 8 Series Coupe (G15),2018,2025.0,2021.0,CLAR,
bmw_i4_g26_2021,bmw_i4_g26,BMW i4 (G26),2021,2025.0,,CLAR,
bmw_i7_g70_2022,bmw_i7_g70,BMW i7 (G70),2022,2025.0,,CLAR,
bmw_i5_g60_gen1,bmw_i5,i5 (G60),2023,2025.0,,CLAR,
bmw_x1_e84,bmw_x1_e84,X1 (E84),2009,2015.0,2012.0,E84,
bmw_x1_f48,bmw_x1_f48,X1 (F48),2015,2022.0,2019.0,UKL1/FAAR,
bmw_x1_u11,bmw_x1_u11,X1 (U11),2022,2025.0,,FAAR,
bmw_x2_f39,bmw_x2_f39,X2 (F39),2018,2023.0,2021.0,UKL2,
bmw_x2_u10,bmw_x2_u10,X2 (U10),2024,2025.0,,FAAR,
bmw_x3_g01_2017,bmw_x3_g01,G01,2017,2024.0,2021.0,CLAR,
bmw_x4_g02_gen1,bmw_x4_g02,First Generation (F26),2014,2018.0,2017.0,F26,
bmw_x4_g02_gen2,bmw_x4_g02,Second Generation (G02),2018,2024.0,2021.0,G02,
bmw_x4_g02_gen3,bmw_x4_g02,Third Generation (U19),2024,2025.0,,U19,
bmw_x5_e53_code,bmw_x5_e53,X5 (E53),2000,2006.0,2003.0,E53,
bmw_x5_e70_code,bmw_x5_e70,X5 (E70),2006,2013.0,2010.0,E70,
bmw_x5_f15_code,bmw_x5_f15,X5 (F15),2013,2018.0,2015.0,F15,
bmw_x5_g05_code,bmw_x5_g05,X5 (G05),2018,2025.0,2023.0,CLAR,
bmw_x6_g06_code,bmw_x6_g06,G06,2019,2023.0,,CLAR,
bmw_x6_g06_lci_code,bmw_x6_g06_lci,G06 LCI,2023,2025.0,2023.0,CLAR,
bmw_x7_g07_2019_present,bmw_x7_g07,X7,2019,2025.0,2022.0,CLAR,
bmw_ix_g09_2021_present,bmw_ix_g09,BMW iX (G09),2021,2025.0,,CLAR,
bmw_z4_g29_2018,bmw_z4_g29,Z4 (G29),2018,2025.0,,CLAR,
bmw_m2_g87_code,bmw_m2_g87,G87,2022,2025.0,,CLAR,
bmw_m3_g80_code,bmw_m3_g80,G80,2021,2025.0,,CLAR,
bmw_m4_g82_gen1,bmw_m4,G82,2020,2024.0,,CLAR,
bmw_m5_f90_gen1,bmw_m5,F90,2017,2023.0,2020.0,F90,
bmw_m5_f90_lci,bmw_m5,F90 LCI,2020,2023.0,,F90,
bmw_m5_f90_comp,bmw_m5,F90 Competition,2018,2023.0,2020.0,F90,
bmw_m5_f90_cs,bmw_m5,F90 CS,2022,2023.0,,F90,
bmw_m8_f91_code,bmw_m8_f91,BMW M8 Convertible (F91),2019,2024.0,,CLAR,
bmw_m8_f92_code,bmw_m8_f92,BMW M8 Coupe (F92),2019,2024.0,,CLAR,
bmw_m8_f93_code,bmw_m8_f93,BMW M8 Gran Coupe (F93),2019,2024.0,,CLAR,
bmw_x3m_f97_gen1,bmw_x3m_f97,First Generation (F97),2019,2024.0,2022.0,CLAR (G01 X3 basis),
bmw_x4m_f98_g02,bmw_x4m_f98,X4 M (G02),2019,2024.0,2021.0,CLAR,
bmw_x5m_f95_code,bmw_x5m_f95,X5 M (F95),2020,2023.0,,CLAR (G05),
bmw_x5m_g05_lci_code,bmw_x5m_g05_lci,X5 M LCI (F95 LCI),2024,2025.0,2024.0,CLAR (G05),
bmw_x6m_f96_code,bmw_x6m_f96,BMW X6 M (F96),2019,2023.0,,CLAR,
bmw_i3_i01_2013,bmw_i3_i01,BMW i3 (I01),2013,2022.0,2017.0,UKL/FAAR,
bmw_i8_i12_2014,bmw_i8_i12,BMW i8 (I12),2014,2021.0,,UKL,
bmw_e87_pre_lci,e87,BMW 1 Series (E87) Pre-LCI,2004,2007.0,,E87,
bmw_e87_lci,e87,BMW 1 Series (E87) LCI,2007,2011.0,2007.0,E87,
bmw_e82_2007,bmw_e82,BMW 1 Series Coupe (E82),2007,2013.0,,E8x,
bmw_e90_sedan,e90,BMW 3 Series Sedan (E90),2004,2011.0,2008.0,E90/E91/E92/E93,
bmw_e91_touring,e91,BMW 3 Series Touring (E91),2005,2012.0,2008.0,E90/E91/E92/E93,
bmw_e92_coupe,e92,BMW 3 Series Coupe (E92),2006,2013.0,2010.0,E90/E91/E92/E93,
bmw_e93_convertible,e93,BMW 3 Series Convertible (E93),2007,2013.0,2010.0,E90/E91/E92/E93,
bmw_e91_gen1,bmw_e91,BMW 3 Series Touring (E91),2005,2012.0,2008.0,E90/E91,
bmw_e60_2003,e60,BMW 5 Series (E60),2003,2007.0,,E60,
bmw_e60_lci_2007,e60_lci,BMW 5 Series (E60 LCI),2007,2010.0,2007.0,E60,
bmw_e61_2003,e61,BMW 5 Series Touring (E61),2004,2007.0,,E61,
bmw_e61_lci_2007,e61_lci,BMW 5 Series Touring (E61 LCI),2007,2010.0,2007.0,E61,
bmw_e65_e66,e65_e66,BMW 7 Series (E65/E66),2001,2008.0,2005.0,E65/E66,
bmw_e83_gen1,bmw_x3_e83,First Generation (E83),2003,2010.0,2006.0,E83,
bmw_e53_generation_1,bmw_x5_e53,First Generation (E53),1999,2006.0,2003.0,E53,
bmw_e46_sedan_prefacelift,bmw_e46,3 Series Sedan (Pre-facelift),1998,2001.0,,E46,
bmw_e46_sedan_facelift,bmw_e46,3 Series Sedan (Facelift),2001,2005.0,2001.0,E46,
bmw_e46_touring_prefacelift,bmw_e46,3 Series Touring (Pre-facelift),1999,2001.0,,E46,
bmw_e46_touring_facelift,bmw_e46,3 Series Touring (Facelift),2001,2005.0,2001.0,E46,
bmw_e46_coupe_prefacelift,bmw_e46,3 Series Coupe (Pre-facelift),1999,2003.0,,E46,
bmw_e46_coupe_facelift,bmw_e46,3 Series Coupe (Facelift),2003,2006.0,2003.0,E46,
bmw_e46_convertible_prefacelift,bmw_e46,3 Series Convertible (Pre-facelift),2000,2003.0,,E46,
bmw_e46_convertible_facelift,bmw_e46,3 Series Convertible (Facelift),2003,2006.0,2003.0,E46,
bmw_e46_compact,bmw_e46,3 Series Compact (Hatchback),2001,2004.0,,E46,
bmw_e46_m3,bmw_e46,M3 (Coupe/Convertible),2000,2006.0,,E46,
bmw_e39_1995,bmw_e39,BMW 5 Series (E39),1995,2003.0,2000.0,E39,
bmw_e38_1994,e38,BMW 7 Series (E38),1994,2001.0,1998.0,E38,
audi_a1_8x,audi_a1,A1 (8X),2010,2018.0,2015.0,PQ25,
audi_a1_gb,audi_a1,A1 (GB),2018,2025.0,,MQB A0,
audi_a2_8z,audi_a2,A2,2000,2005.0,,PQ24,
audi_a3_8l,audi_a3,8L,1996,2003.0,2000.0,PQ34,
audi_a3_8p,audi_a3,8P,2003,2013.0,2008.0,PQ35,
audi_a3_8v,audi_a3,8V,2012,2020.0,2016.0,MQB,
audi_a3_8y,audi_a3,8Y,2020,2025.0,,MQB Evo,
audi_a4_b6,audi_a4,B6,2000,2004.0,,PL46,
audi_a4_b7,audi_a4,B7,2004,2007.0,,PL46,
audi_a4_b8,audi_a4,B8,2007,2015.0,2011.0,PL48,
audi_a4_b9,audi_a4,B9,2015,2023.0,2019.0,MLBevo,
audi_a4_b10,audi_a4,B10,2023,2025.0,,MLBevo,
audi_a5_b8,audi_a5,A5 (B8),2007,2016.0,2011.0,B8,
audi_a5_f5,audi_a5,A5 (F5),2016,2024.0,2019.0,MLB Evo,
audi_a5_b10,audi_a5,A5 (B10),2024,2025.0,,PPE,
audi_a6_c5,audi_a6,C5,1997,2004.0,2001.0,C5,
audi_a6_c6,audi_a6,C6,2004,2011.0,2008.0,C6,
audi_a6_c7,audi_a6,C7,2011,2018.0,2014.0,C7,
audi_a6_c8,audi_a6,C8,2018,2025.0,2023.0,C8,
audi_a7_c7,audi_a7,C7,2010,2018.0,2014.0,MLB,
audi_a7_c8,audi_a7,C8,2018,2025.0,,MLB Evo,
audi_a8_d2,audi_a8,D2,1994,2002.0,1999.0,Volkswagen Group D2 platform,
audi_a8_d3,audi_a8,D3,2002,2009.0,2005.0,Volkswagen Group D3 platform,
audi_a8_d4,audi_a8,D4,2009,2017.0,2013.0,Volkswagen Group D4 platform,
audi_a8_d5,audi_a8,D5,2017,2025.0,2021.0,Volkswagen Group MLB Evo platform,
audi_q2_ga,audi_q2,GA,2016,2023.0,2020.0,MQB A1,
audi_q2_gb,audi_q2,GB,2023,2025.0,,MQB A1 Evo,
audi_q3_8u,audi_q3,8U,2011,2018.0,2014.0,PQ35,
audi_q3_f3,audi_q3,F3,2018,2025.0,2023.0,MQB A2,
audi_q4_e_tron_first_gen,audi_q4_e_tron,First Generation,2021,2024.0,,,F4X
audi_q4_e_tron_second_gen,audi_q4_e_tron,Second Generation,2024,2025.0,,,F4X
audi_q5_8r,audi_q5,Q5 (Typ 8R),2008,2017.0,2012.0,Volkswagen Group B8 platform,
audi_q5_fy,audi_q5,Q5 (Typ FY),2017,2024.0,2020.0,Volkswagen Group MLB Evo platform,
audi_q5_fyb,audi_q5,Q5 (Typ FYB - China only),2018,2024.0,2020.0,Volkswagen Group MLB Evo platform,
audi_q5_sq5_8r,audi_sq5,SQ5 (Typ 8R),2013,2017.0,2013.0,Volkswagen Group B8 platform,
audi_q5_sq5_fy,audi_sq5,SQ5 (Typ FY),2017,2024.0,2020.0,Volkswagen Group MLB Evo platform,
audi_q7_4l,audi_q7,Type 4L,2005,2015.0,2009.0,PL71,
audi_q7_4m,audi_q7,Type 4M,2015,2024.0,2019.0,MLB Evo,
audi_q7_4m_facelift,audi_q7,Type 4M (Facelift),2019,2024.0,2019.0,MLB Evo,
audi_q7_p27,audi_q7,Type P27 (Next Generation),2024,2025.0,,PPE,
audi_q8_4m,audi_q8,Q8 (Type 4M),2018,2023.0,2021.0,MLB Evo,
audi_q8_4m_facelift,audi_q8,Q8 (Type 4M Facelift),2021,2023.0,2021.0,MLB Evo,
audi_q8_4m_current,audi_q8,Q8 (Type 4M/Current Generation),2023,2025.0,,MLB Evo,
audi_tt_8n,audi_tt,Mk1 (Type 8N),1998,2006.0,2002.0,A4 (B5),
audi_tt_8j,audi_tt,Mk2 (Type 8J),2006,2014.0,2010.0,PQ35,
audi_tt_8s,audi_tt,Mk3 (Type 8S),2014,2023.0,2018.0,MQB,
audi_r8_gen1,audi_r8,Type 42,2006,2015.0,2012.0,B7/Type 42,
audi_r8_gen2,audi_r8,Type 4S,2015,2024.0,2018.0,Type 4S,
audi_e_tron_gen1,audi_e_tron,e-tron SUV (Typ GE),2018,2022.0,,MLB Evo,
audi_e_tron_sportback_gen1,audi_e_tron_sportback,e-tron Sportback (Typ GE),2020,2022.0,,MLB Evo,
audi_q8_e_tron_gen2,audi_q8_e_tron,"Q8 e-tron (Typ GE, facelift)",2023,2025.0,2023.0,MLB Evo,
audi_q8_sportback_e_tron_gen2,audi_q8_sportback_e_tron,"Q8 Sportback e-tron (Typ GE, facelift)",2023,2025.0,2023.0,MLB Evo,
audi_e_tron_gt_2021_present,audi_e_tron_gt,Audi e-tron GT,2021,2025.0,,J1P (Shared with Porsche Taycan),
mercedes-benz_a-class_w168,mercedes-benz_a-class,W168,1997,2004.0,2001.0,W168,
mercedes-benz_a-class_w169,mercedes-benz_a-class,W169,2004,2012.0,2008.0,W169,
mercedes-benz_a-class_w176,mercedes-benz_a-class,W176,2012,2018.0,2015.0,W176,
mercedes-benz_a-class_w177,mercedes-benz_a-class,W177,2018,2025.0,,W177,
mercedes-benz_b-class_t245,mercedes-benz_b-class,T245,2005,2011.0,2008.0,W169 (A-Class),
mercedes-benz_b-class_w246,mercedes-benz_b-class,W246,2011,2018.0,2014.0,W176 (A-Class),
mercedes-benz_b-class_w247,mercedes-benz_b-class,W247,2018,2025.0,,W177 (A-Class),
mercedes-benz_b-class_w245g,mercedes-benz_b-class,W245,2000,2005.0,,W169 (A-Class),
mercedes-benz_c-class_w203,mercedes-benz_c-class,W203,2000,2007.0,2004.0,W203,
mercedes-benz_c-class_w204,mercedes-benz_c-class,W204,2007,2014.0,2011.0,W204,
mercedes-benz_c-class_w205,mercedes-benz_c-class,W205,2014,2021.0,2018.0,W205,
mercedes-benz_c-class_w206,mercedes-benz_c-class,W206,2021,2025.0,,W206,
mercedes-benz_e-class_w210,mercedes-benz_e-class,W210,1995,2002.0,1999.0,E-Class,
mercedes-benz_e-class_w211,mercedes-benz_e-class,W211,2002,2009.0,2006.0,E-Class,
mercedes-benz_e-class_w212,mercedes-benz_e-class,W212,2009,2016.0,2013.0,E-Class,
mercedes-benz_e-class_w213,mercedes-benz_e-class,W213,2016,2023.0,2020.0,E-Class,
mercedes-benz_e-class_w214,mercedes-benz_e-class,W214,2023,2025.0,,E-Class,
mercedes-benz_s-class_w220,mercedes-benz_s-class,W220,1998,2005.0,2002.0,S-Class,
mercedes-benz_s-class_w221,mercedes-benz_s-class,W221,2005,2013.0,2009.0,S-Class,
mercedes-benz_s-class_w222,mercedes-benz_s-class,W222,2013,2020.0,2017.0,S-Class,
mercedes-benz_s-class_v222,mercedes-benz_s-class,V222 (Long Wheelbase),2013,2020.0,2017.0,S-Class,
mercedes-benz_s-class_w223,mercedes-benz_s-class,W223,2020,2025.0,,S-Class,
mercedes-benz_s-class_v223,mercedes-benz_s-class,V223 (Long Wheelbase),2020,2025.0,,S-Class,
mercedes-benz_gla_x156,mercedes-benz_gla,X156,2013,2020.0,2017.0,MFA,
mercedes-benz_gla_h247,mercedes-benz_gla,H247,2020,2025.0,,MFA2,
mercedes-benz_glb_x247,mercedes-benz_glb,X247,2019,2024.0,2023.0,MFA2,
mercedes-benz_glc_x253,mercedes-benz_glc,X253,2015,2022.0,2019.0,MRA,
mercedes-benz_glc_x254,mercedes-benz_glc,X254,2022,2025.0,,MRA2,
mercedes-benz_gle_w166,mercedes-benz_gle,W166,2015,2019.0,,MHA,
mercedes-benz_gle_c292,mercedes-benz_gle_coupe,C292,2015,2019.0,,MHA,
mercedes-benz_gle_v167,mercedes-benz_gle,V167,2018,2025.0,2023.0,MRA,
mercedes-benz_gle_c167,mercedes-benz_gle_coupe,C167,2019,2025.0,2023.0,MRA,
mercedes-benz_gle_x166,mercedes-benz_gls,X166 (GL-Class successor),2015,2019.0,,MHA,
mercedes-benz_gle_x167,mercedes-benz_gls,X167 (GL-Class successor),2019,2025.0,2023.0,MRA,
mercedes-benz_g-class_w463_2000,mercedes-benz_g-class,W463 (Phase 2),2000,2018.0,2012.0,W463,
mercedes-benz_g-class_w463_2018,mercedes-benz_g-class,W463 (Second Generation),2018,2024.0,,W463,
mercedes-benz_g-class_w464_2024,mercedes-benz_g-class,W464 (Third Generation),2024,2025.0,,W464,
mercedes-benz_cla_c117,mercedes-benz_cla,C117,2013,2019.0,2016.0,MFA (Modular Front Architecture),
mercedes-benz_cla_c118,mercedes-benz_cla,C118,2019,2024.0,,MFA2 (Modular Front Architecture 2),
mercedes-benz_cla_x118,mercedes-benz_cla,X118 (Shooting Brake),2019,2024.0,,MFA2 (Modular Front Architecture 2),
mercedes-benz_cla_c254,mercedes-benz_cla,C254 (Upcoming),2024,2025.0,,MMA (Mercedes Modular Architecture),
mercedes-benz_cls_c219,mercedes-benz_cls,C219,2004,2010.0,2008.0,W211/R230,
mercedes-benz_cls_c218,mercedes-benz_cls,C218,2010,2018.0,2014.0,W212,
mercedes-benz_cls_c257,mercedes-benz_cls,C257,2018,2025.0,,W213,
mercedes-benz_slc_r172,mercedes-benz_slc,SLC (R172 facelift),2016,2020.0,2016.0,R172,
mercedes-benz_slk_r172,mercedes-benz_slk,SLK (R172),2011,2016.0,,R172,
mercedes-benz_slk_r171,mercedes-benz_slk,SLK (R171),2004,2011.0,2008.0,R171,
mercedes-benz_slk_r170,mercedes-benz_slk,SLK (R170),1996,2004.0,2000.0,R170,
mercedes-benz_sl_r230,mercedes-benz_sl,R230,2001,2011.0,2006.0,R230,
mercedes-benz_sl_r231,mercedes-benz_sl,R231,2012,2020.0,2016.0,R231,
mercedes-benz_sl_r232,mercedes-benz_sl,R232,2022,2025.0,,R232,
mercedes-benz_amg-gt_c190,mercedes-benz_amg-gt,C190,2014,2021.0,2017.0,AMG GT,
mercedes-benz_amg-gt_r290,mercedes-benz_amg-gt,R290,2021,2025.0,,AMG GT,
mercedes-benz_v-class_w447,mercedes-benz_v-class,W447,2014,2024.0,2019.0,W447,
mercedes-benz_v-class_w638,mercedes-benz_v-class,W638,1996,2003.0,2000.0,W638,
mercedes-benz_v-class_w639,mercedes-benz_v-class,W639,2003,2014.0,2010.0,W639,
mercedes-benz_v-class_x740,mercedes-benz_v-class,X740 (EQV),2019,2024.0,,W447 (Electric Variant),
mercedes-benz_v-class_x750,mercedes-benz_v-class,X750 (New Generation),2024,2025.0,,X750,
mercedes-benz_x-class_w470,mercedes-benz_x-class,X-Class (W470),2017,2020.0,,Nissan Navara (D23),
mercedes-benz_eqa_h253,mercedes-benz_eqa,H253,2021,2024.0,,Mercedes-Benz MFA2 platform,
mercedes-benz_eqa_h293,mercedes-benz_eqa,H293,2020,2024.0,2024.0,Mercedes-Benz MFA2 platform,
mercedes-benz_eqb_x291,mercedes-benz_eqb,EQB (X291),2021,2025.0,,Mercedes-Benz GLB (X247),
mercedes-benz_eqc_n293,mercedes-benz_eqc,EQC (N293),2019,2023.0,,Mercedes-Benz GLC (X253),
mercedes-benz_eqe_v295,mercedes-benz_eqe,V295,2022,2025.0,,EVA2,
mercedes-benz_eqs_v297,mercedes-benz_eqs,EQS (Sedan),2021,2025.0,,EVA2,
mercedes-benz_eqs_suv_x296,mercedes-benz_eqs_suv,EQS SUV,2022,2025.0,,EVA2,
mercedes-benz_e-q-a_h253,mercedes-benz_e-q-a,H253,2021,2024.0,,MFA2e,
mercedes-benz_e-q-a_h293,mercedes-benz_e-q-a,H293,2020,2024.0,2024.0,MFA2e,
mercedes-benz_eqb-x291,mercedes-benz_eqb,EQB (X291),2021,2025.0,,MFA2 (Modified),
mercedes-benz_eqe_sedan_v295,mercedes-benz_eqe_sedan,EQE Sedan (V295),2021,2025.0,,EVA2,
mercedes-benz_eqe_suv_v294,mercedes-benz_eqe_suv,EQE SUV (V294),2022,2025.0,,EVA2,
mercedes-benz_eqs_sedan_v297,mercedes-benz_eqs_sedan,EQS Sedan (V297),2021,2024.0,,EVA2,
mercedes-benz_eqs_suv_x297,mercedes-benz_eqs_suv,EQS SUV (X297),2022,2024.0,,EVA2,
mercedes-benz_eqe_suv_v292,mercedes-benz_eqe_suv,EQE SUV,2022,2025.0,,EVA2,
mercedes-benz_maybach-s-class_w220_2002,mercedes-benz_maybach-s-class,Maybach 57/62,2002,2013.0,2005.0,W220/W240,
mercedes-benz_maybach-s-class_w222_2014,mercedes-benz_maybach-s-class,Maybach S-Class (W222),2014,2020.0,2017.0,W222,
mercedes-benz_maybach-s-class_z223_2020,mercedes-benz_maybach-s-class,Maybach S-Class (Z223),2020,2025.0,,W223,
mercedes-benz_maybach-gls_x167,mercedes-benz_maybach-gls,X167,2019,2025.0,,MRA II,
mercedes-benz_slr-mclaren_r199,mercedes-benz_slr-mclaren,SLR McLaren,2003,2010.0,,R199,
mercedes-benz_sls-amg_c197,mercedes-benz_sls-amg,SLS AMG,2010,2014.0,,C197,
mercedes-benz_sls-amg_r197,mercedes-benz_sls-amg,SLS AMG Roadster,2011,2014.0,,R197,
mercedes-benz_amg_gt_4-door_coupe_c190,mercedes-benz_amg_gt_4-door_coupe,AMG GT 4-Door Coupe,2018,2024.0,,X290,
mercedes-benz_amg_gt_4-door_coupe_c190_facelift,mercedes-benz_amg_gt_4-door_coupe,AMG GT 4-Door Coupe (Facelift),2024,2025.0,2024.0,X290,
hyundai_accent_lc,hyundai_accent,LC,1999,2005.0,2003.0,X3,
hyundai_accent_mc,hyundai_accent,MC,2005,2011.0,2009.0,MC,
hyundai_accent_rb,hyundai_accent,RB,2010,2017.0,2014.0,RB,
hyundai_accent_hc,hyundai_accent,HC,2017,2022.0,,YC,
hyundai_accent_ax,hyundai_accent,AX,2021,2025.0,,AX,
hyundai_i10_pa,hyundai_i10,i10 (PA),2007,2013.0,2010.0,Hyundai PA,
hyundai_i10_ba,hyundai_i10,i10 (BA),2013,2019.0,2016.0,Hyundai BA,
hyundai_i10_ia,hyundai_i10,i10 (IA),2019,2025.0,,Hyundai IA,
hyundai_i20_gen1,hyundai_i20,First Generation,2008,2014.0,2012.0,Hyundai-Kia FB Platform,PB
hyundai_i20_gen2,hyundai_i20,Second Generation,2014,2021.0,2018.0,Hyundai-Kia GB Platform,GB
hyundai_i20_gen3,hyundai_i20,Third Generation,2020,2025.0,,Hyundai-Kia K Platform,BC3/BI3
hyundai_i30_fd,hyundai_i30,FD,2007,2012.0,2010.0,Hyundai-Kia J5,
hyundai_i30_gd,hyundai_i30,GD,2012,2017.0,2015.0,Hyundai-Kia J6,
hyundai_i30_pd,hyundai_i30,PD,2016,2024.0,2020.0,Hyundai-Kia K2,
hyundai_i30_cn7,hyundai_i30,CN7 (Elantra/i30 derivative),2024,2025.0,,Hyundai-Kia K3,
hyundai_ioniq_ae,hyundai_ioniq,Ioniq (AE),2016,2022.0,2019.0,Hyundai-Kia FE platform,
hyundai_ioniq_6,hyundai_ioniq_6,Ioniq 6 (CE),2022,2025.0,,Hyundai E-GMP platform,
hyundai_ioniq5_2021,hyundai_ioniq5,Ioniq 5,2021,2024.0,,,AE2
hyundai_ioniq5_2024,hyundai_ioniq5,Ioniq 5 (Facelift),2024,2025.0,2024.0,,AE2
hyundai_ioniq6_2023_present,hyundai_ioniq6,Ioniq 6,2023,2025.0,,E-GMP,
hyundai_kona_os_2017,hyundai_kona,Kona (OS),2017,2023.0,2020.0,Hyundai-Kia SUV Platform (K2),
hyundai_kona_sx2_2023,hyundai_kona,Kona (SX2),2023,2025.0,,Hyundai-Kia SUV Platform (SX2),
hyundai_santafe_sm,hyundai_santafe,Santa Fe (SM),2000,2006.0,2004.0,Hyundai SM Platform,
hyundai_santafe_cm,hyundai_santafe,Santa Fe (CM),2006,2012.0,2010.0,Hyundai CM Platform,
hyundai_santafe_dm,hyundai_santafe,Santa Fe (DM),2012,2018.0,2016.0,Hyundai DM Platform,
hyundai_santafe_tm,hyundai_santafe,Santa Fe (TM),2018,2023.0,2020.0,Hyundai TM Platform,
hyundai_santafe_mx5,hyundai_santafe,Santa Fe (MX5),2023,2025.0,,Hyundai MX5 Platform,
hyundai_tucson_jm,hyundai_tucson,JM,2004,2009.0,2007.0,Hyundai-Kia J platform,
hyundai_tucson_lm,hyundai_tucson,LM (ix35),2009,2015.0,2013.0,Hyundai-Kia JX platform,
hyundai_tucson_tl,hyundai_tucson,TL,2015,2020.0,2018.0,Hyundai-Kia N3 platform (early models),
hyundai_tucson_nx4,hyundai_tucson,NX4,2020,2025.0,,Hyundai-Kia N3 platform,
hyundai_veloster_2011,hyundai_veloster,Veloster (JS),2011,2017.0,2015.0,Hyundai-Kia PB platform,
hyundai_veloster_2018,hyundai_veloster,"Veloster (JS, Second Generation)",2018,2022.0,,Hyundai-Kia K2 platform,
hyundai_sonata_2000,hyundai_sonata,EF,1998,2004.0,2001.0,EF Platform,
hyundai_sonata_2004,hyundai_sonata,NF,2004,2010.0,2007.0,NF Platform,
hyundai_sonata_2009,hyundai_sonata,YF,2009,2014.0,2012.0,YF Platform,
hyundai_sonata_2014,hyundai_sonata,LF,2014,2019.0,2017.0,LF Platform,
hyundai_sonata_2019,hyundai_sonata,DN8,2019,2024.0,2023.0,A3 Platform,
hyundai_sonata_2023,hyundai_sonata,DN9,2023,2025.0,,A4 Platform,
hyundai_elantra_xd,hyundai_elantra,Elantra XD,2000,2006.0,2003.0,Hyundai J2/XD,
hyundai_elantra_hd,hyundai_elantra,Elantra HD,2006,2010.0,2009.0,Hyundai HD,
hyundai_elantra_md,hyundai_elantra,Elantra MD (Avante MD),2010,2015.0,2013.0,Hyundai J6,
hyundai_elantra_ad,hyundai_elantra,Elantra AD,2015,2020.0,2018.0,Hyundai AD,
hyundai_elantra_cn7,hyundai_elantra,Elantra CN7,2020,2025.0,2023.0,Hyundai K3/CN7,
hyundai_matrix_2001_2008,hyundai_matrix,Hyundai Matrix,2001,2008.0,2005.0,Hyundai LC Platform (Shared with Hyundai Accent/Verna),
hyundai_matrix_2008_2010,hyundai_matrix,Hyundai Matrix (Facelift/Rebadged),2008,2010.0,,Hyundai LC Platform,
hyundai_terracan_j2,hyundai_terracan,Terracan,2001,2007.0,2004.0,Hyundai R-platform,
hyundai_ix35_lm,hyundai_ix35,ix35,2009,2015.0,2013.0,Hyundai-Kia J platform,
hyundai_ix20_rb,hyundai_ix20,RB,2010,2015.0,2012.0,Hyundai-Kia PB platform,
hyundai_ix20_jk,hyundai_ix20,JK,2015,2019.0,,Hyundai-Kia PB platform,
hyundai_h1_tq_2000,hyundai_h1,H-1 (TQ),2000,2007.0,,Hyundai H-1 (TQ),
hyundai_h1_tq_2007,hyundai_h1,H-1 (TQ) Facelift 1,2007,2018.0,2007.0,Hyundai H-1 (TQ),
hyundai_h1_tq_2018,hyundai_h1,H-1 (TQ) Facelift 2 (Grand Starex/i800),2018,2025.0,2018.0,Hyundai H-1 (TQ),
kia_rio_dc,kia_rio,DC,2000,2005.0,2002.0,Hyundai Accent LC,
kia_rio_jb,kia_rio,JB,2005,2011.0,2009.0,Hyundai Accent MC,
kia_rio_ub,kia_rio,UB,2011,2017.0,2015.0,Hyundai Accent RB,
kia_rio_yb,kia_rio,YB,2017,2023.0,2020.0,Hyundai Accent YB/HC,
kia_rio_sk3,kia_rio,SK3,2023,2025.0,,Hyundai Accent YB/HC,
kia_picanto_sa,kia_picanto,SA,2000,2003.0,,Kia Pride/Sephia platform derivative,
kia_picanto_ba,kia_picanto,BA,2004,2011.0,2007.0,Kia Morning platform,
kia_picanto_ta,kia_picanto,TA,2011,2017.0,2015.0,Kia Morning/Picanto (TA),
kia_picanto_ja,kia_picanto,JA,2017,2023.0,2020.0,Kia Morning/Picanto (JA),
kia_picanto_jb,kia_picanto,JB,2023,2025.0,,Kia Morning/Picanto (JB),
kia_cee_d_jd,kia_cee_d,JD,2012,2018.0,2015.0,Kia J6,
kia_cee_d_cd,kia_cee_d,CD,2018,2021.0,,Kia K2,
kia_cee_d_ed,kia_cee_d,ED,2006,2012.0,2009.0,Kia Cee'd (ED),
kia_ceed_jd,kia_ceed,JD,2012,2018.0,2015.0,Hyundai-Kia J6,
kia_ceed_cd,kia_ceed,CD,2018,2025.0,2021.0,Hyundai-Kia K2,
kia_ceed_ed,kia_ceed,ED,2006,2012.0,2009.0,Hyundai-Kia J5,
kia_sportage_2000_2004,kia_sportage,KM,2000,2004.0,,Mazda B-Platform,
kia_sportage_2004_2010,kia_sportage,KM,2004,2010.0,2007.0,Mazda B-Platform,
kia_sportage_2010_2015,kia_sportage,SL,2010,2015.0,2014.0,Hyundai-Kia JQ platform,
kia_sportage_2015_2021,kia_sportage,QL,2015,2021.0,2018.0,Hyundai-Kia QL platform,
kia_sportage_2021_present,kia_sportage,NQ5,2021,2025.0,,Hyundai N3 platform,
kia_sorento_2002_2009,kia_sorento,BL,2002,2009.0,2006.0,Body-on-frame SUV,
kia_sorento_2009_2015,kia_sorento,XM,2009,2015.0,2012.0,Unibody Crossover,
kia_sorento_2014_2021,kia_sorento,UM,2014,2021.0,2017.0,Unibody Crossover,
kia_sorento_2020_present,kia_sorento,MQ4,2020,2025.0,2023.0,N3 Platform,
kia_stinger_2018,kia_stinger,CK,2017,2023.0,2020.0,Hyundai N2 platform,
kia_stinger_2024,kia_stinger,CK,2023,2025.0,,Hyundai N2 platform,
kia_niro_2016_gen1,kia_niro,First Generation (DE),2016,2022.0,2019.0,Niro/Niro EV (DE),
kia_niro_2022_gen2,kia_niro,Second Generation (SG2),2022,2025.0,,Niro/Niro EV (SG2),
kia_soul_2008,kia_soul,First Generation,2008,2013.0,2011.0,PS,
kia_soul_2013,kia_soul,Second Generation,2013,2019.0,2016.0,PS2,
kia_soul_2019,kia_soul,Third Generation,2019,2025.0,2022.0,SP2,
kia_optima_mg,kia_optima,MG,2000,2005.0,2002.0,Hyundai EF/Sonata,
kia_optima_sd,kia_optima,SD,2005,2010.0,2008.0,Hyundai NF/Sonata,
kia_optima_tf,kia_optima,TF,2010,2015.0,2013.0,Hyundai YF/Sonata,
kia_optima_jf,kia_optima,JF,2015,2020.0,2018.0,Hyundai LF/Sonata,
kia_optima_dl3,kia_optima,DL3 (K5),2020,2025.0,,Hyundai DN8/Sonata,
kia_venga_first_generation,kia_venga,First Generation,2009,2019.0,2014.0,Kia YB platform,
kia_carens_un0,kia_carens,FJ,1999,2006.0,2002.0,Mazda Familia/323 (BJ),
kia_carens_un2,kia_carens,RQ,2006,2013.0,2010.0,Kia FK,
kia_carens_un3,kia_carens,RP,2013,2021.0,2016.0,Kia J6,
kia_carens_un4,kia_carens,SP2,2022,2025.0,,Kia N3,
kia_carnival_up,kia_carnival,UP,1998,2006.0,2001.0,Sedona (North America),
kia_carnival_v,kia_carnival,VQ,2006,2014.0,2010.0,Sedona (North America),
kia_carnival_yk,kia_carnival,YK,2014,2020.0,2018.0,Sedona (North America),
kia_carnival_ka4,kia_carnival,KA4,2020,2025.0,,Sedona (North America),
kia_pro_cee_d_jd,kia_pro_cee_d,JD,2012,2018.0,2015.0,Kia J-Platform,
kia_pro_cee_d_cd,kia_pro_cee_d,CD,2007,2012.0,2010.0,Kia Cee'd (ED) Platform,
kia_stonic_yb,kia_stonic,YB,2017,2020.0,,Hyundai-Kia PB,
kia_stonic_yb_facelift,kia_stonic,YB (Facelift),2020,2025.0,2020.0,Hyundai-Kia PB,
kia_ceed_cd_2018,kia_ceed,CD,2018,2024.0,2021.0,Hyundai-Kia K2 platform,
kia_xceed_cd_2019,kia_xceed,CD,2019,2024.0,2022.0,Hyundai-Kia K2 platform,
kia_xceed_fe_2024,kia_xceed,FE,2024,2025.0,,Hyundai-Kia K3 platform (expected),
kia_ev6_2022_present,kia_ev6,Kia EV6,2022,2025.0,,E-GMP,
kia_e-niro_2018,kia_e-niro,First Generation,2018,2022.0,2021.0,Hyundai-Kia Eco-Car Platform,
kia_e-niro_2022,kia_e-niro,Second Generation,2022,2025.0,,Hyundai-Kia LC Platform,
kia_e-soul_2014_2021,kia_e-soul,First Generation (SK3),2014,2021.0,2017.0,Kia Soul (PS),
kia_e-soul_2020_present,kia_e-soul,Second Generation (SK3),2020,2025.0,2023.0,Kia Soul (SK3),
kia_ev9_2024_present,kia_ev9,Kia EV9,2023,2025.0,,E-GMP,
vauxhall_agila_a,vauxhall_agila,Agila A,2000,2007.0,2004.0,GM4300,
vauxhall_agila_b,vauxhall_agila,Agila B,2008,2014.0,,GM Small Platform,
astra_h,vauxhall_astra,Astra H,2004,2010.0,2007.0,Delta,
astra_j,vauxhall_astra,Astra J,2009,2015.0,2012.0,Delta II,
astra_k,vauxhall_astra,Astra K,2015,2021.0,2019.0,D2XX,
astra_l,vauxhall_astra,Astra L,2021,2025.0,,EMP2 V3,
astra_g_facelift,vauxhall_astra,Astra G (Facelift),2000,2004.0,,T98,
vauxhall_astra_sports_tourer_h,vauxhall_astra_sports_tourer,Astra H Sports Tourer,2004,2010.0,2007.0,GM Delta,
vauxhall_astra_sports_tourer_j,vauxhall_astra_sports_tourer,Astra J Sports Tourer,2009,2015.0,2012.0,GM Delta II,
vauxhall_astra_sports_tourer_k,vauxhall_astra_sports_tourer,Astra K Sports Tourer,2015,2021.0,2019.0,GM T platform,
vauxhall_astra_sports_tourer_l,vauxhall_astra_sports_tourer,Astra L Sports Tourer,2021,2025.0,,PSA EMP2,
vauxhall_corsa_c,vauxhall_corsa,Corsa C,2000,2006.0,2003.0,GM Gamma,
vauxhall_corsa_d,vauxhall_corsa,Corsa D,2006,2014.0,2010.0,GM Gamma II,
vauxhall_corsa_e,vauxhall_corsa,Corsa E,2014,2019.0,,GM Gamma II,
vauxhall_corsa_f,vauxhall_corsa,Corsa F,2019,2025.0,2023.0,PSA EMP1 / CMP,
vauxhall_insignia_a,vauxhall_insignia,Insignia A,2008,2017.0,2013.0,GM Epsilon II,
vauxhall_insignia_b,vauxhall_insignia,Insignia B,2017,2022.0,,GM E2XX,
vauxhall_insignia_c,vauxhall_insignia,Insignia C,2024,2025.0,,STLA Large,
vauxhall_meriva_a,vauxhall_meriva,Meriva A,2003,2010.0,2006.0,GM Gamma,
vauxhall_meriva_b,vauxhall_meriva,Meriva B,2010,2017.0,2014.0,GM T platform,
vauxhall_mokka_a,vauxhall_mokka,Mokka A,2012,2019.0,2016.0,GM Gamma II,
vauxhall_mokka_b,vauxhall_mokka,Mokka B,2020,2025.0,,PSA EMP1,
vauxhall_signum_2003,vauxhall_signum,Signum,2003,2008.0,2005.0,GM Epsilon,
vauxhall_tigra_a,vauxhall_tigra,Tigra A,1994,2001.0,1999.0,Opel Tigra (S93),
vauxhall_tigra_b,vauxhall_tigra,Tigra B (TwinTop),2004,2009.0,,Opel Tigra (X01),
vauxhall_vectra_b,vauxhall_vectra,Vectra B,1995,2002.0,1998.0,GM2900,
vauxhall_vectra_c,vauxhall_vectra,Vectra C,2002,2008.0,2005.0,GM Epsilon,
vauxhall_vivaro_life_a,vauxhall_vivaro_life,Vivaro Life (A),2001,2014.0,2006.0,X83,
vauxhall_vivaro_life_b,vauxhall_vivaro_life,Vivaro Life (B),2014,2019.0,,Trafic III / Vivaro A2/X82,
vauxhall_vivaro_life_c,vauxhall_vivaro_life,Vivaro Life (C),2019,2025.0,,EMP2 / K0,
vauxhall_zafira_a,vauxhall_zafira,Zafira A,1999,2005.0,2003.0,GM T Platform,
vauxhall_zafira_b,vauxhall_zafira,Zafira B,2005,2014.0,2008.0,GM Delta Platform,
vauxhall_zafira_c,vauxhall_zafira,Zafira Tourer (C),2011,2017.0,2016.0,GM Delta II Platform,
vauxhall_zafira_d,vauxhall_zafira,Zafira Life,2019,2025.0,,EMP2 Platform,
vauxhall_zafira_e,vauxhall_zafira,Zafira Electric,2021,2025.0,,EMP2 Platform,
vauxhall_adam_2012,vauxhall_adam,Adam,2012,2019.0,2016.0,GM Small Platform (SCCS),
vauxhall_cascada_2013,vauxhall_cascada,Cascada,2013,2019.0,,GM C-body (Epsilon II),
vauxhall_crossland_x_2017,vauxhall_crossland,Crossland X,2017,2020.0,,PSA EMP1,
vauxhall_crossland_facelift_2020,vauxhall_crossland,Crossland,2020,2024.0,2020.0,PSA EMP1,
vauxhall_crossland_2024,vauxhall_crossland,Crossland,2024,2025.0,,Stellantis Common Modular Platform (CMP),
vauxhall_grandland_x_2017,vauxhall_grandland,Grandland X,2017,2021.0,,PSA EMP2,
vauxhall_grandland_facelift_2021,vauxhall_grandland,Grandland (Facelift),2021,2024.0,2021.0,PSA EMP2,
vauxhall_grandland_2024,vauxhall_grandland,Grandland (Next Gen),2024,2025.0,,STLA Medium,
vauxhall_combo_c_life,vauxhall_combo_c,Combo C Life,2001,2011.0,2006.0,GM Gamma,
vauxhall_combo_d_life,vauxhall_combo_d,Combo D Life,2012,2018.0,,Fiat 2000/2500 (based on Fiat Doblò),
vauxhall_combo_e_life,vauxhall_combo_e,Combo E Life,2018,2025.0,,PSA EMP2 (shared with Citroën Berlingo/Peugeot Rifter),
vauxhall_astra_electric_h,vauxhall_astra_electric,Astra Electric (Based on Astra H),2011,2013.0,,GM Delta,
vauxhall_astra_electric_j,vauxhall_astra_electric,Astra Electric (Based on Astra J),2013,2016.0,,GM Delta II,
vauxhall_astra_electric_k,vauxhall_astra_electric,Astra Electric (Based on Astra K),2019,2021.0,,GM Delta II,
vauxhall_astra_electric_l,vauxhall_astra_electric,Astra Electric (Based on Astra L),2022,2025.0,,PSA EMP2,
vauxhall_corsa_electric_c06,vauxhall_corsa_electric,Corsa-e (F/P1),2019,2023.0,,CMP/eCMP,
vauxhall_corsa_electric_c07,vauxhall_corsa_electric,Corsa Electric (F/P1 Facelift),2023,2025.0,2023.0,CMP/eCMP,
vauxhall_corsa_electric_e22,vauxhall_corsa_electric,Corsa Electric (e22),2024,2025.0,,STLA Small,
vauxhall_mokka_electric_b,vauxhall_mokka_electric,Mokka Electric (B),2021,2025.0,,CMP/eCMP,
vauxhall_mokka_e_a,vauxhall_mokka_e,Mokka E (A),2020,2021.0,,Gamma II,
vauxhall_grandland_electric_a,vauxhall_grandland_electric,Grandland X Electric (Pre-facelift),2019,2020.0,,EMP2,
vauxhall_grandland_electric_b,vauxhall_grandland_electric,Grandland Electric (Facelift),2021,2023.0,2021.0,EMP2,
vauxhall_grandland_electric_c,vauxhall_grandland_electric,Grandland Electric (New Generation),2024,2025.0,,STLA Medium,
vauxhall_vivaro_electric_a,vauxhall_vivaro_electric,Vivaro-e (Based on X83/X95/K0/A2000),2020,2024.0,,EMP2,
vauxhall_vivaro_electric_b,vauxhall_vivaro_electric,Vivaro Electric (Based on K0/A2000),2024,2025.0,,STLA Medium,
nissan_almera_n15,nissan_almera,N15,1995,2000.0,1998.0,Nissan FF platform,
nissan_almera_n16,nissan_almera,N16,2000,2006.0,2003.0,Nissan FF-S platform,
nissan_almera_g11,nissan_almera,G11 (Sunny/Versa/Latio),2012,2018.0,2016.0,Nissan B platform,
nissan_almera_n18,nissan_almera,N18,2020,2025.0,,Nissan V platform,
nissan_micra_k11,nissan_micra,K11,1992,2002.0,1995.0,Nissan FF-S platform,
nissan_micra_k12,nissan_micra,K12,2002,2010.0,2007.0,Nissan B platform,
nissan_micra_k13,nissan_micra,K13,2010,2019.0,2013.0,Nissan V platform,
nissan_micra_k14,nissan_micra,K14,2016,2022.0,2021.0,Nissan V platform,
nissan_micra_c23,nissan_micra,C23 (Next Generation),2024,2025.0,,CMF-B platform,
nissan_sunny_b15,nissan_sunny,B15,1998,2004.0,2002.0,Nissan FF-S platform,
nissan_sunny_n16,nissan_sunny,N16 (Almera/Sentra),2000,2006.0,2003.0,Nissan FF-S platform,
nissan_sunny_g10,nissan_sunny,G10 (Sunny Classic),1990,2006.0,,Nissan B13 platform,
nissan_sunny_n17,nissan_sunny,N17 (Versa/Almera),2011,2019.0,2014.0,Nissan V platform,
nissan_sunny_g11,nissan_sunny,G11 (Sylphy/Sentra),2005,2012.0,2009.0,Nissan C platform,
nissan_sunny_b17,nissan_sunny,B17 (Sylphy/Sentra),2012,2019.0,2016.0,Nissan B platform,
nissan_sunny_b18,nissan_sunny,B18 (Sylphy/Sentra),2019,2025.0,,Nissan B platform,
nissan_primera_p11,nissan_primera,P11,1995,2002.0,1999.0,Nissan FF,
nissan_primera_p12,nissan_primera,P12,2001,2007.0,2004.0,Nissan FF-L,
nissan_maxima_a33,nissan_maxima,A33,2000,2003.0,2002.0,Nissan FF-L platform,
nissan_maxima_a34,nissan_maxima,A34,2004,2008.0,2006.0,Nissan D platform,
nissan_maxima_a35,nissan_maxima,A35,2009,2014.0,2012.0,Nissan D platform,
nissan_maxima_a36,nissan_maxima,A36,2016,2023.0,2019.0,Nissan D platform,
nissan_350z_z33,nissan_350z,Z33,2002,2009.0,2006.0,Nissan FM platform,
nissan_370z_z34,nissan_370z,370Z (Z34),2009,2020.0,2013.0,Nissan FM (Front Mid-ship),
nissan_370z_rz34,nissan_370z,Z (RZ34),2023,2025.0,,Nissan FM (Front Mid-ship),
nissan_gt-r_r35_2007,nissan_gt-r,R35,2007,2025.0,2011.0,Nissan Premium Midship (PM),
nissan_juke_f15,nissan_juke,Juke (First Generation),2010,2019.0,2014.0,Nissan B Platform (V360),
nissan_juke_f16,nissan_juke,Juke (Second Generation),2019,2025.0,,CMF-B,
nissan_qashqai_j10,nissan_qashqai,J10,2007,2013.0,2010.0,Nissan C Platform,
nissan_qashqai_j11,nissan_qashqai,J11,2013,2021.0,2017.0,Nissan CMF-C/D Platform,
nissan_qashqai_j12,nissan_qashqai,J12,2021,2025.0,,CMF-C Platform,
nissan_x-trail_t30,nissan_x-trail,T30,2000,2007.0,2003.0,Nissan FF-S platform,
nissan_x-trail_t31,nissan_x-trail,T31,2007,2013.0,2010.0,Nissan C Platform (C-Platform),
nissan_x-trail_t32,nissan_x-trail,T32,2013,2021.0,2017.0,Nissan Common Module Family (CMF-C/D),
nissan_x-trail_t33,nissan_x-trail,T33,2021,2025.0,,Nissan Common Module Family (CMF-C/D),
nissan_murano_z50,nissan_murano,Z50,2002,2007.0,2005.0,Nissan D platform,
nissan_murano_z51,nissan_murano,Z51,2007,2014.0,2010.0,Nissan D platform,
nissan_murano_z52,nissan_murano,Z52,2014,2025.0,2018.0,Nissan D platform,
nissan_pathfinder_r50,nissan_pathfinder,R50,1995,2004.0,1999.0,WD21/R50,
nissan_pathfinder_r51,nissan_pathfinder,R51,2004,2012.0,2007.0,D40,
nissan_pathfinder_r52,nissan_pathfinder,R52,2012,2020.0,2017.0,D40/R52,
nissan_pathfinder_r53,nissan_pathfinder,R53,2021,2025.0,,D40/R53,
nissan_navara_d22,nissan_navara,D22,1997,2004.0,,D22,
nissan_navara_d40,nissan_navara,D40,2004,2015.0,2008.0,D40,
nissan_navara_d23_np300,nissan_navara,D23 (NP300),2014,2021.0,,D23,
nissan_navara_d23_facelift,nissan_navara,D23 Facelift,2021,2025.0,2021.0,D23,
nissan_note_e11,nissan_note,E11,2004,2012.0,2008.0,Nissan B Platform,
nissan_note_e12,nissan_note,E12,2012,2020.0,2016.0,Nissan V Platform,
nissan_note_e13,nissan_note,E13,2020,2025.0,,CMF-B,
nissan_leaf_ze0,nissan_leaf,ZE0,2010,2017.0,2013.0,Nissan EV Platform,
nissan_leaf_aze0,nissan_leaf,AZE0,2013,2017.0,,Nissan EV Platform,
nissan_leaf_ze1,nissan_leaf,ZE1,2017,2025.0,,Nissan EV Platform 2.0,
nissan_pixo_g10,nissan_pixo,Generation 1,2009,2013.0,,Suzuki Alto (GF),
nissan_tiida_c11,nissan_tiida,C11,2004,2013.0,2007.0,Nissan B Platform,
nissan_tiida_c12,nissan_tiida,C12,2012,2019.0,2016.0,Nissan V Platform,
nissan_tiida_c13,nissan_tiida,C13 (Latio/Versa Sedan),2018,2025.0,2022.0,Nissan V Platform,
nissan_tiida_latio_sc11,nissan_tiida,Latio (SC11),2004,2012.0,,Nissan B Platform,
nissan_versa_2004_2013,nissan_versa,Versa (C11),2004,2013.0,2010.0,Nissan B Platform,
nissan_versa_2011_2019,nissan_versa,Versa Sedan (N17),2011,2019.0,2015.0,Nissan V Platform,
nissan_versa_2019_present,nissan_versa,Versa (N18),2019,2025.0,,Nissan V Platform,
nissan_cube_z10,nissan_cube,Z10,1998,2002.0,,Nissan Micra (K11),
nissan_cube_z11,nissan_cube,Z11,2002,2008.0,2005.0,Nissan Micra (K12),
nissan_cube_z12,nissan_cube,Z12,2008,2019.0,2011.0,Nissan B Platform (B0),
nissan_pulsar_n16,nissan_pulsar,N16,2000,2005.0,2003.0,Nissan FF-S platform,
nissan_pulsar_c13,nissan_pulsar,C13 (Australia/New Zealand),2013,2018.0,2016.0,Nissan V platform,
nissan_pulsar_b17,nissan_pulsar,B17 (China/Taiwan),2012,2019.0,,Nissan V platform,
nissan_pulsar_c12,nissan_pulsar,C12 (Australia/New Zealand),2013,2018.0,2016.0,Nissan V platform,
nissan_pulsar_g11,nissan_pulsar,G11 (Sylphy/Sentra equivalent in some markets),2005,2012.0,2009.0,Nissan B platform,
nissan_sentra_b15,nissan_sentra,B15,2000,2006.0,2004.0,Nissan FF-S platform,
nissan_sentra_n16,nissan_sentra,N16 (Sunny/Almera/Sentra),2000,2006.0,2003.0,Nissan FF-S platform,
nissan_sentra_b16,nissan_sentra,B16,2007,2012.0,,Nissan B platform,
nissan_sentra_b17,nissan_sentra,B17,2013,2019.0,2016.0,Nissan V platform,
nissan_sentra_b18,nissan_sentra,B18,2020,2025.0,,Nissan Sylphy/Sentra Platform,
nissan_versa_note_e11,nissan_versa_note,E11,2004,2013.0,2008.0,Nissan B platform,
nissan_versa_note_e12,nissan_versa_note,E12,2012,2020.0,2016.0,Nissan V platform,
nissan_versa_note_be13,nissan_versa_note,BE13 (Japan/China Market),2020,2025.0,,CMF-B platform,
nissan_kicks_p15,nissan_kicks,P15,2016,2020.0,,V-Platform,
nissan_kicks_p15_facelift,nissan_kicks,P15 (Facelift),2020,2024.0,2020.0,V-Platform,
nissan_kicks_s50,nissan_kicks,S50 (China Only),2018,2023.0,,V-Platform,
nissan_kicks_c13_e,nissan_kicks,C13 (e-Power),2020,2024.0,,V-Platform,
nissan_kicks_p16,nissan_kicks,P16 (Second Generation),2024,2025.0,,CMF-B,
nissan_ariya_b90,nissan_ariya,B90,2021,2025.0,,CMF-EV,
mazda_2_dy,mazda_2,DY,2002,2007.0,2005.0,Mazda B platform,
mazda_2_de,mazda_2,DE,2007,2014.0,2010.0,Mazda DE platform,
mazda_2_dj,mazda_2,DJ/DL,2014,2021.0,2019.0,Mazda Skyactiv Platform (DJ),
mazda_2_dj_facelift,mazda_2,DJ/DL (Facelift),2019,2024.0,,Mazda Skyactiv Platform (DJ),
mazda_2_dl,mazda_2,DL (Hybrid),2016,2021.0,,Mazda Skyactiv Platform (DJ),
mazda_2_db,mazda_2,DB,2024,2025.0,,Mazda Skyactiv Platform (DB),
mazda_3_bk,mazda_3,BK,2003,2009.0,2006.0,Mazda E-platform,
mazda_3_bl,mazda_3,BL,2008,2013.0,2011.0,Mazda C-platform,
mazda_3_bm_bn,mazda_3,BM/BN,2013,2019.0,2016.0,Mazda Skyactiv-Chassis (K0),
mazda_3_bp,mazda_3,BP,2018,2025.0,,Mazda Skyactiv-Chassis (K0/K1),
mazda_5_2000_2005,mazda_5,Mazda Premacy (First Generation),2000,2005.0,2002.0,CP Platform,
mazda_5_2005_2010,mazda_5,Mazda5 (Second Generation),2005,2010.0,2008.0,CR Platform,
mazda_5_2010_2018,mazda_5,Mazda5 (Third Generation),2010,2018.0,2013.0,CW Platform,
mazda_6_gg,mazda_6,GG,2002,2008.0,2005.0,Mazda GF platform,
mazda_6_gy,mazda_6,GY,2005,2008.0,,Mazda GF platform,
mazda_6_gh,mazda_6,GH,2007,2012.0,2010.0,Mazda GH platform,
mazda_6_gj,mazda_6,GJ/GL,2012,2024.0,2016.0,Mazda Skyactiv platform,
mazda_cx3_dk,mazda_cx3,DK,2015,2021.0,2018.0,Mazda CX-3 Platform,
mazda_cx30_dm,mazda_cx30,DM,2019,2025.0,,Mazda Skyactiv-Vehicle Architecture,
mazda_cx5_ke,mazda_cx5,KE,2012,2017.0,2015.0,Skyactiv-Chassis,
mazda_cx5_kf,mazda_cx5,KF,2017,2024.0,2021.0,Skyactiv-Chassis,
mazda_cx5_kf_facelift,mazda_cx5,KF (Facelift),2021,2024.0,2021.0,Skyactiv-Chassis,
mazda_cx60_gen1,mazda_cx60,First Generation,2022,2025.0,,Mazda Large Platform (RWD-based),
mazda_cx7_er,mazda_cx7,First Generation,2006,2012.0,2010.0,Ford CD3 Platform,
mazda_mx5_nb,mazda_mx5,NB,1998,2005.0,2000.0,Mazda,
mazda_mx5_nc,mazda_mx5,NC,2005,2015.0,2008.0,Mazda,
mazda_mx5_nd,mazda_mx5,ND,2015,2025.0,2018.0,Mazda,
mazda_premacy_cp_series,mazda_premacy,CP series,1999,2005.0,2002.0,Mazda Premacy (CP),
mazda_premacy_cr_series,mazda_premacy,CR series,2005,2010.0,2008.0,Mazda Premacy (CR),
mazda_premacy_cw_series,mazda_premacy,CW series (Mazda5),2010,2015.0,2013.0,Mazda Premacy (CW),
mazda_premacy_dj_series,mazda_premacy,DJ series (Mazda3/Axela Wagon),2013,2019.0,2016.0,Mazda Skyactiv-Chassis (BM/BN),
mazda_premacy_bp_series,mazda_premacy,BP series (Mazda3/Axela Wagon),2018,2024.0,2021.0,Mazda Skyactiv-Chassis (BP),
mazda_rx8_gen1,mazda_rx8,First Generation,2003,2012.0,2008.0,SE3P,
mazda_tribute_2001,mazda_tribute,First Generation,2000,2006.0,2004.0,Ford CD2 platform,
mazda_tribute_2008,mazda_tribute,Second Generation,2007,2011.0,,Ford CD2 platform,
peugeot_107_p1,peugeot_107,First Generation,2005,2014.0,2009.0,Toyota Aygo (AB10) / Citroën C1 (PM/PP),
peugeot_108_b01,peugeot_108,First Generation,2014,2021.0,,Toyota New Global Architecture (TNGA) A platform (shared with Citroën C1 II and Toyota Aygo II),
peugeot_206_t1,peugeot_206,T1,1998,2009.0,2002.0,PSA PF1,
peugeot_206_plus,peugeot_206,206+,2009,2017.0,,PSA PF1,
peugeot_206_sedan,peugeot_206,206 Sedan (China/Iran),2006,2025.0,2010.0,PSA PF1,
peugeot_207_i,peugeot_207,Peugeot 207 (First Generation),2006,2014.0,2009.0,PSA PF1,
peugeot_208_p1,peugeot_208,208 I (Phase 1),2012,2015.0,,PSA PF1,
peugeot_208_p2,peugeot_208,208 I (Phase 2),2015,2019.0,2015.0,PSA PF1,
peugeot_208_p3,peugeot_208,208 II,2019,2025.0,,PSA CMP/eCMP,
peugeot_3008_i,peugeot_3008,T84,2008,2016.0,2013.0,PSA PF2,
peugeot_3008_ii,peugeot_3008,P84,2016,2023.0,2020.0,PSA EMP2,
peugeot_3008_iii,peugeot_3008,M801,2023,2025.0,,STLA Medium,
peugeot_301_b1,peugeot_301,B1,2012,2016.0,,PSA PF2,
peugeot_301_b1_facelift_1,peugeot_301,B1 Facelift 1,2016,2023.0,2016.0,PSA PF2,
peugeot_301_b1_facelift_2,peugeot_301,B1 Facelift 2,2023,2025.0,2023.0,PSA PF2,
peugeot_307_gen1,peugeot_307,307,2001,2005.0,2005.0,T5,
peugeot_307_gen2,peugeot_307,307 Phase 2,2005,2008.0,,T5,
peugeot_308_t7,peugeot_308,308 I (T7),2007,2013.0,2011.0,PSA PF2,
peugeot_308_t9,peugeot_308,308 II (T9),2013,2021.0,2017.0,PSA EMP2,
peugeot_308_p5,peugeot_308,308 III (P5),2021,2025.0,,PSA EMP2 Evo,
peugeot_4007_2007,peugeot_4007,First Generation,2007,2012.0,2010.0,Mitsubishi Outlander (CW0W),
peugeot_4008_first_gen,peugeot_4008,First Generation,2012,2017.0,2015.0,Mitsubishi GS Platform,
peugeot_4008_second_gen,peugeot_4008,Second Generation (China Only),2017,2022.0,2020.0,PSA EMP2 Platform,
peugeot_4008_third_gen,peugeot_4008,Third Generation (China Only),2022,2025.0,,CMP Platform,
peugeot_406_gen1,peugeot_406,First Generation,1995,2004.0,1999.0,PSA XU/EW/DW,
peugeot_407_gen1,peugeot_407,First Generation,2004,2010.0,2008.0,PSA PF3,
peugeot_5008_t87,peugeot_5008,T87,2009,2016.0,2013.0,PSA PF2,
peugeot_5008_p87,peugeot_5008,P87,2017,2024.0,2020.0,PSA EMP2,
peugeot_5008_p88,peugeot_5008,P88,2024,2025.0,,STLA Medium,
peugeot_508_i,peugeot_508,Peugeot 508 I,2010,2018.0,2014.0,PSA PF3,
peugeot_508_ii,peugeot_508,Peugeot 508 II,2018,2025.0,2023.0,PSA EMP2,
peugeot_607_gen1,peugeot_607,First Generation,2000,2010.0,2004.0,,
peugeot_807_gen1,peugeot_807,First Generation,2002,2012.0,2008.0,Eurovan (Sevel Nord),
peugeot_bipper_2007,peugeot_bipper,Peugeot Bipper,2007,2017.0,,Sevel North (FCA/PSA joint venture),
peugeot_expert_gen1,peugeot_expert,Type 223,1995,2007.0,2004.0,PSA Platform 2,
peugeot_expert_gen2,peugeot_expert,Type 224,2007,2016.0,2013.0,PSA Platform 3,
peugeot_expert_gen3,peugeot_expert,K0,2016,2024.0,2023.0,PSA EMP2,
peugeot_expert_gen4,peugeot_expert,K1,2024,2025.0,,Stellantis STLA-M,
peugeot_iOn_2010,peugeot_iOn,Peugeot iOn,2010,2021.0,,Mitsubishi i-MiEV platform,
peugeot_partner_m49,peugeot_partner,M49,1996,2009.0,2002.0,PSA Platform A,
peugeot_partner_b9,peugeot_partner,B9 (Partner Tepee),2008,2018.0,2012.0,PSA Platform B (EMP2 predecessor),
peugeot_partner_k9,peugeot_partner,K9 (Partner/Rifter),2018,2025.0,,PSA EMP2,
peugeot_rifter_gen1,peugeot_rifter,Rifter (First Generation),2018,2025.0,,PSA EMP2,
peugeot_traveller_2016_present,peugeot_traveller,V-Space/EMP2,2016,2025.0,2023.0,EMP2,
volvo_s40_2000_p1,volvo_s40_2000,S40 (Phase 1),2000,2004.0,2003.0,Volvo P1 Platform (Derived from Mitsubishi Carisma platform),
volvo_s40_2004_p1,volvo_s40_2004,S40 (Phase 2),2004,2012.0,2008.0,Volvo P1 Platform,
volvo_v40_1995_code,volvo_v40_1995,Phase 1 (Mk1),1995,2004.0,2000.0,Volvo S40/V40 Platform (D20),
volvo_v40_2012_code,volvo_v40_2012,Phase 2 (Mk2),2012,2019.0,2016.0,Volvo Compact Modular Architecture (CMA) / Ford C1 Platform (Initial),
volvo_s60_p24_2000,volvo_s60_2000,S60 (P24),2000,2009.0,2004.0,P2 Platform,
volvo_s60_p3_2010,volvo_s60_2010,S60 (P3),2010,2018.0,2013.0,P3 Platform,
volvo_s60_p5_2019,volvo_s60_2019,S60 (SPA),2018,2025.0,,SPA Platform,
volvo_v70_p2_2000,volvo_v70_p2,Second Generation (P2 Platform),2000,2007.0,2004.0,P2,
volvo_v70_p24_2007,volvo_v70_p24,Third Generation (P24 Platform),2007,2016.0,2013.0,P24,
volvo_s80_1998_code,volvo_s80_1998,P2 Platform,1998,2006.0,2003.0,P2,
volvo_s80_2006_code,volvo_s80_2006,Y20 Platform,2006,2016.0,2013.0,Y20,
volvo_xc70_2000_p2,volvo_xc70_2000,First Generation (P2 Platform),2000,2007.0,2004.0,P2,
volvo_xc70_2007_p24,volvo_xc70_2007,Second Generation (P24 Platform),2007,2016.0,2013.0,P24,
volvo_xc90_2002_code,volvo_xc90_2002,First Generation (P2 Platform),2002,2014.0,2007.0,P2,
volvo_xc90_2015_code,volvo_xc90_2015,Second Generation (SPA Platform),2015,2022.0,2019.0,SPA,
volvo_xc90_2023_code,volvo_xc90_2023,Third Generation (SPA2 Platform),2023,2025.0,,SPA2,
volvo_v50_2004_code,volvo_v50_2004,First Generation,2004,2012.0,2008.0,Ford C1 platform,
volvo_s60_2000_code,volvo_s60_2000,P24,2000,2009.0,2004.0,P2 Platform,
volvo_s60_2010_code,volvo_s60_2010,Y20,2010,2018.0,2014.0,P3 Platform,
volvo_s60_2019_code,volvo_s60_2019,SPA P321/P322,2018,2025.0,,SPA Platform,
volvo_c30_2006_code,volvo_c30_2006,First Generation,2006,2013.0,2010.0,Volvo P1 platform,
volvo_c70_1997_code,volvo_c70_1997,C70 (Phase 1),1997,2005.0,2002.0,Volvo P80,
volvo_c70_2006_code,volvo_c70_2006,C70 (Phase 2),2006,2013.0,,Volvo P1,
volvo_xc60_2008_p1,volvo_xc60_2008,First Generation (P3 Platform),2008,2017.0,2013.0,P3,
volvo_xc60_2017_spa,volvo_xc60_2017,Second Generation (SPA Platform),2017,2025.0,2021.0,SPA,
volvo_v60_2010_code,volvo_v60_2010,Volvo V60 (First Generation),2010,2018.0,2013.0,P3,
volvo_v60_2018_code,volvo_v60_2018,Volvo V60 (Second Generation),2018,2025.0,2022.0,SPA,
volvo_s60_2014_cross_country_code,volvo_s60_2014_cross_country,P24/Y20,2014,2018.0,,P24,
volvo_v60_2015_cross_country_p245,volvo_v60_2015_cross_country,V60 Cross Country (First Generation),2014,2018.0,2016.0,SPA,
volvo_v60_2019_cross_country_p245,volvo_v60_2019_cross_country,V60 Cross Country (Second Generation),2018,2025.0,2022.0,SPA,
volvo_s90_1997_code,volvo_s90_1997,S90/V90 (Classic),1997,1998.0,,Volvo P960 platform,
volvo_s90_2016_code,volvo_s90_2016,S90 (SPA),2016,2021.0,2020.0,SPA (Scalable Product Architecture),
volvo_s90_2022_code,volvo_s90_2022,S90 (SPA - Post-facelift/Updated),2022,2025.0,,SPA (Scalable Product Architecture),
volvo_v90_2016_code,volvo_v90_2016,Volvo V90 (Second Generation),2016,2025.0,2020.0,SPA,
volvo_xc40_2017_code,volvo_xc40_2017,XC40 (P59),2017,2024.0,2022.0,CMA,
volvo_xc40_2024_code,volvo_xc40_2024,XC40 (SPA2),2024,2025.0,,SPA2,
volvo_v90_cross_country_2017_code,volvo_v90_cross_country_2017,SPA (Scalable Product Architecture),2016,2024.0,2020.0,SPA,
volvo_v90_cross_country_2025_code,volvo_v90_cross_country_2025,SPA (Scalable Product Architecture),2024,2025.0,,SPA,
volvo_c40_2022_code,volvo_c40_2022,CMA (Compact Modular Architecture),2022,2025.0,,CMA,
volvo_ex30_2023_gen1,volvo_ex30_2023,First Generation,2023,2025.0,,SEA (Sustainable Experience Architecture),
volvo_em90_2024_code,volvo_em90_2024,EM90,2023,,,SEA (Sustainable Experience Architecture),
jaguar_s_type_x200,jaguar_s_type,X200,1999,2007.0,2004.0,DEW98,
jaguar_x_type_gen1,jaguar_x_type,First Generation,2001,2009.0,2008.0,Ford CD132,
jaguar_xjs_1975_1996,jaguar_xjs,First Generation (Pre-Facelift),1975,1991.0,,XJS,
jaguar_xjs_1991_1996,jaguar_xjs,Second Generation (Facelift/Revised),1991,1996.0,1991.0,XJS,
jaguar_x_type_estate_x400,jaguar_x_type_estate,X400,2004,2009.0,2007.0,Ford CD132 platform,
jaguar_xjr_x308,jaguar_xjr,X308,2000,2003.0,,X308,
jaguar_xjr_x350,jaguar_xjr,X350,2003,2007.0,,X350,
jaguar_xjr_x358,jaguar_xjr,X358,2007,2009.0,,X350,
jaguar_xjr_x351,jaguar_xjr,X351,2010,2019.0,2017.0,X351,
jaguar_x_type_2001_gen1,jaguar_x_type,First Generation,2001,2009.0,2008.0,,X400
jaguar_x_type_estate_2004_x400,jaguar_x_type_estate_2004,X-Type Estate (X400),2004,2009.0,,X400,
jaguar_xk_x150_2006,jaguar_xk_x150,XK (X150),2006,2014.0,2009.0,X150,
jaguar_xk_convertible_x150_2006,jaguar_xk_convertible_x150,XK Convertible (X150),2006,2014.0,2009.0,X150,
jaguar_x_type_2008_gen1,jaguar_x_type,First Generation,2001,2009.0,2008.0,Ford CD132,
jaguar_x_type_estate_2008_gen1,jaguar_x_type_estate,First Generation,2004,2009.0,2007.0,Ford CD132,
jaguar_xfr_2009_2011,jaguar_xfr,XFR (First Generation),2009,2011.0,,X250,
jaguar_xfr_2012_2015,jaguar_xfr,XFR (First Generation Facelift),2012,2015.0,2012.0,X250,
jaguar_xkr_x100,jaguar_xkr,X100,2000,2006.0,2003.0,X100,
jaguar_xkr_x150,jaguar_xkr,X150,2007,2014.0,2009.0,X150,
jaguar_xkr_convertible_x100,jaguar_xkr_convertible,X100,2000,2006.0,2003.0,X100,
jaguar_xkr_convertible_x150,jaguar_xkr_convertible,X150,2007,2014.0,2010.0,X150,
jaguar_xjs_2003_gen1,jaguar_xjs,XJS (2003 Model Year),2002,2003.0,,XJS Platform,
jaguar_x_type_2010_gen1,jaguar_x_type,First Generation,2001,2009.0,2008.0,Ford CD132,
jaguar_x_type_estate_2010_gen1,jaguar_x_type_estate,First Generation,2004,2009.0,2007.0,,X400
jaguar_xj_x351_2009,jaguar_xj_x351,First Generation (X351),2009,2019.0,2015.0,X351,
jaguar_xf_x250_first_gen,jaguar_xf_x250,First Generation (X250),2007,2015.0,2011.0,DEW98 / X250,
jaguar_xk_x150_2011_generation,jaguar_xk_x150,Second Generation (Facelift),2011,2014.0,2011.0,,X150
jaguar_xk_convertible_x150_2006_2014,jaguar_xk_convertible_x150,XK Convertible (X150),2006,2014.0,2011.0,X150,
jaguar_xf_sportbrake_x250_gen1,jaguar_xf_sportbrake_x250,First Generation (X250),2012,2017.0,,,X250
jaguar_f_type_coupe_x152_gen1,jaguar_f_type_coupe,X152,2014,2020.0,2019.0,JLR D7a,
jaguar_f_type_coupe_x152_gen1_facelift,jaguar_f_type_coupe,X152 (Facelift),2020,2025.0,,JLR D7a,
jaguar_f_type_convertible_x152,jaguar_f_type_convertible,X152,2013,2024.0,2019.0,JLR D7a,
jaguar_f_pace_x761,jaguar_f_pace,X761,2016,2020.0,,Ingenium/D7a,
jaguar_f_pace_x761_facelift,jaguar_f_pace,X761 (Facelift),2021,2024.0,2021.0,Ingenium/D7a,
jaguar_f_pace_j901,jaguar_f_pace,J901 (Next Generation),2025,2025.0,,JLR Electric Architecture,
jaguar_xe_x760,jaguar_xe,X760,2015,2023.0,2019.0,JLR D7a,
jaguar_xe_j9b,jaguar_xe,J9B (Electric),2024,2025.0,,JLR Electric Architecture,
jaguar_xf_x260_gen1,jaguar_xf_x260,First Generation (X260),2015,2020.0,,JLR D7a,
jaguar_xf_x260_gen1_facelift,jaguar_xf_x260,First Generation Facelift (X260),2020,2025.0,2020.0,JLR D7a,
jaguar_e_pace_x540,jaguar_e_pace,X540,2017,2024.0,2020.0,D7a (Premium Transverse Architecture),
jaguar_e_pace_j505,jaguar_e_pace,J505 (Facelift),2020,2024.0,,D7a (Premium Transverse Architecture),
jaguar_i_pace_gen1,jaguar_i_pace,First Generation,2018,2024.0,2021.0,JLR D7a,
jaguar_i_pace_gen2,jaguar_i_pace,Second Generation,2025,2025.0,,JLR Electric Modular Architecture (EMA),
jaguar_f_type_2016_gen1,jaguar_f_type,First Generation (X152),2013,2024.0,2019.0,,X152
jaguar_f_type_convertible_2016_gen1,jaguar_f_type_convertible_2016,First Generation,2013,2024.0,2019.0,X152,
jaguar_f_type_2020_gen1,jaguar_f_type,First Generation (Facelift),2020,2025.0,2020.0,X152,
jaguar_f_type_convertible_2020_gen1,jaguar_f_type_convertible,First Generation (X152),2020,2024.0,2020.0,,X152
jaguar_f_pace_2016_gen1,jaguar_f_pace,First Generation (X761),2016,2020.0,,D7a,
jaguar_f_pace_2021_gen1_facelift,jaguar_f_pace,First Generation Facelift (X761),2021,2024.0,2021.0,D7a,
jaguar_xj_x351_2019_generation,jaguar_xj_x351,XJ (X351),2009,2019.0,2015.0,,X351
jaguar_xf_x260_2021_facelift_2021,jaguar_xf_x260,Jaguar XF (X260) Facelift,2021,2024.0,2021.0,X260,
jaguar_xf_x260_2021_prefacelift_2015,jaguar_xf_x260,Jaguar XF (X260) Pre-facelift,2015,2020.0,,X260,
jaguar_xf_sportbrake_x260_gen1,jaguar_xf_sportbrake_x260,First Generation (X260),2017,2024.0,2021.0,JLR D7a,
jaguar_xe_2015_2019_x760,jaguar_xe_2019,X760,2015,2019.0,,JLR D7a,
jaguar_xe_2019_2025_x760_facelift,jaguar_xe_2019,X760 (Facelift),2019,2025.0,2019.0,JLR D7a,
jaguar_e_pace_2021_gen1,jaguar_e_pace_2021,First Generation (Facelift),2020,2024.0,2020.0,D7a,
jaguar_e_pace_2021_gen1_prefacelift,jaguar_e_pace_2021,First Generation (Pre-Facelift),2017,2020.0,,D7a,
jaguar_f_pace_2025_gen2,jaguar_f_pace,J907,2025,2025.0,,JLR Electric/Modular Longitudinal Architecture (EMA),
jaguar_f_type_2024_gen1,jaguar_f_type,First Generation (X152),2013,2024.0,2019.0,JLR D7a,
jaguar_f_type_convertible_2014_2020,jaguar_f_type_convertible,First Generation (Pre-Facelift),2014,2019.0,,,X152
jaguar_f_type_convertible_2020_present,jaguar_f_type_convertible,First Generation (Facelift),2020,2025.0,2020.0,,X152
jaguar_xf_2007_x250,jaguar_xf,X250,2007,2015.0,2011.0,DEW98/X250,
jaguar_xf_2015_x260,jaguar_xf,X260,2015,2024.0,2020.0,JLR D7a,
jaguar_xf_sportbrake_2025_gen1,jaguar_xf_sportbrake_2025,X260 (Second Generation),2017,2024.0,2021.0,JLR D7a,
jaguar_xe_2015_gen1,jaguar_xe_2015,X760,2015,2019.0,,JLR D7a,
jaguar_xe_2020_gen1_facelift,jaguar_xe_2020,X760 (Facelift),2020,2024.0,2020.0,JLR D7a,
jaguar_xe_2025_gen2,jaguar_xe_2025,X761 (Next Generation),2025,2025.0,,JLR Electric/Modular Architecture (EMA),
land_rover_defender_90_l316,land_rover_defender_90,Defender (L316),2007,2016.0,,Land Rover Defender (L316),
land_rover_defender_90_l663,land_rover_defender_90,Defender (L663),2020,2025.0,,Land Rover Defender (L663),
land_rover_defender_110_ld_2007,land_rover_defender_110,Land Rover Defender 110 (Td5/Puma),2000,2016.0,,Land Rover Ninety/One Ten (Series III derived),
land_rover_defender_110_l663,land_rover_defender_110,Land Rover Defender 110 (L663),2020,2025.0,,D7x Architecture,
land_rover_defender_130_2000_2016,land_rover_defender_130,Defender 130 (Td5/Puma),2000,2016.0,,Land Rover Defender (L316),
land_rover_defender_130_2022_present,land_rover_defender_130,Defender 130 (L663),2022,2025.0,,Land Rover Defender (L663),
land_rover_discovery_3_l319,discovery_3,Discovery 3,2004,2009.0,,L319,
land_rover_discovery_4_l319,land_rover_discovery_4,Discovery 4 (LR4),2009,2016.0,2013.0,L319,
land_rover_discovery_sport_l550,land_rover_discovery_sport,L550,2014,2021.0,2019.0,JLR D8,
land_rover_discovery_sport_l590,land_rover_discovery_sport,L590,2020,2025.0,,JLR PTA,
land_rover_discovery_series_ii,land_rover_discovery,Discovery Series II,1998,2004.0,2002.0,Discovery Series II,
land_rover_discovery_3,land_rover_discovery,Discovery 3 (LR3),2004,2009.0,,Ford/Land Rover T5,
land_rover_discovery_4,land_rover_discovery,Discovery 4 (LR4),2009,2016.0,2013.0,Ford/Land Rover T5,
land_rover_discovery_5,land_rover_discovery,Discovery 5,2017,2024.0,2021.0,Land Rover Global Architecture (D7u),
land_rover_discovery_6,land_rover_discovery,Discovery 6,2025,,,Land Rover Global Architecture (D8/D9),
land_rover_freelander_1_l314,land_rover_freelander_1,Freelander 1,1997,2006.0,2003.0,L314,
land_rover_freelander_2_l314,land_rover_freelander_2,Freelander 2 (L314),2006,2014.0,2010.0,Ford EUCD platform,
land_rover_range_rover_classic_p38a,land_rover_range_rover_classic,P38A,1994,2002.0,,Range Rover Second Generation,
land_rover_range_rover_classic_l322,land_rover_range_rover_classic,L322,2001,2012.0,2010.0,Range Rover Third Generation,
land_rover_range_rover_classic_l405,land_rover_range_rover_classic,L405,2012,2021.0,2017.0,Range Rover Fourth Generation,
land_rover_range_rover_classic_l460,land_rover_range_rover_classic,L460,2021,2025.0,,Range Rover Fifth Generation,
land_rover_range_rover_evoque_l538,land_rover_range_rover_evoque,First Generation,2011,2018.0,2015.0,Land Rover LR-MS Platform,
land_rover_range_rover_evoque_l551,land_rover_range_rover_evoque,Second Generation,2018,2025.0,,Jaguar Land Rover PTA Platform,
land_rover_range_rover_sport_l320,land_rover_range_rover_sport,L320,2005,2013.0,2009.0,Ford D3,
land_rover_range_rover_sport_l494,land_rover_range_rover_sport,L494,2013,2022.0,2017.0,Land Rover Premium Lightweight Architecture (PLA),
land_rover_range_rover_sport_l461,land_rover_range_rover_sport,L461,2022,2025.0,,Jaguar Land Rover Modular Longitudinal Architecture (MLA-Flex),
land_rover_range_rover_velar_l560,land_rover_range_rover_velar,Velar (L560),2017,2023.0,,D7a,
land_rover_range_rover_velar_l561,land_rover_range_rover_velar,Velar (L561) (Facelift),2023,2025.0,2023.0,D7a,
land_rover_range_rover_p38a,land_rover_range_rover,P38A,1994,2002.0,,P38,
land_rover_range_rover_l322,land_rover_range_rover,L322,2001,2012.0,2010.0,L322,
land_rover_range_rover_l405,land_rover_range_rover,L405,2012,2021.0,2017.0,L405,
land_rover_range_rover_l460,land_rover_range_rover,L460,2021,2025.0,,MLA-Flex,
bentley_continental_gt_gen1,bentley_continental_gt,First Generation,2003,2011.0,2007.0,Volkswagen Group D1 platform,
bentley_continental_gt_gen2,bentley_continental_gt,Second Generation,2011,2018.0,2015.0,Volkswagen Group D1 platform (updated),
bentley_continental_gt_gen3,bentley_continental_gt,Third Generation,2018,2025.0,,Volkswagen Group MSB platform,
bentley_flying_spur_2005,bentley_flying_spur,Flying Spur (First Generation),2005,2013.0,2008.0,Volkswagen Group D1 platform,
bentley_flying_spur_2013,bentley_flying_spur,Flying Spur (Second Generation),2013,2019.0,2017.0,Volkswagen Group MSB platform (shared with Continental GT),
bentley_flying_spur_2019,bentley_flying_spur,Flying Spur (Third Generation),2019,2025.0,2023.0,Volkswagen Group MSB platform,
bentley_bentayga_gen1,bentley_bentayga,First Generation (Initial Release),2015,2020.0,,MLB Evo,
bentley_bentayga_gen1_facelift,bentayga_facelift,First Generation (Facelift),2020,2024.0,2020.0,MLB Evo,
bentley_bentayga_gen2,bentley_bentayga,Second Generation,2024,2025.0,,MSB,
bentley_mulsanne_2010,bentley_mulsanne,First Generation (Pre-Facelift),2010,2016.0,,Platform shared with Bentley Arnage/Rolls-Royce Ghost lineage (heavily revised),
bentley_mulsanne_2016_facelift,bentley_mulsanne,First Generation (Facelift),2016,2020.0,2016.0,Platform shared with Bentley Arnage/Rolls-Royce Ghost lineage (heavily revised),
bentley_continental_flying_spur_2005,bentley_continental_flying_spur,First Generation (Pre-facelift),2005,2013.0,,Volkswagen Group D1 platform,
bentley_continental_flying_spur_2013,bentley_continental_flying_spur,Second Generation (First Facelift/Rebadged),2013,2019.0,2013.0,Volkswagen Group MSB platform (shared with Bentley Continental GT),
bentley_continental_flying_spur_2019,bentley_continental_flying_spur,Third Generation (Current),2019,2025.0,,Volkswagen Group MSB platform,
bentley_arnage_r_series,bentley_arnage,Arnage Red Label / Arnage LWB,1998,2005.0,2001.0,Arnage,
bentley_arnage_t,bentley_arnage,Arnage T,2002,2009.0,,Arnage,
bentley_arnage_r_series_2005,bentley_arnage,Arnage R / Arnage RL,2005,2010.0,,Arnage,
bentley_arnage_final_edition,bentley_arnage,Arnage Final Edition,2010,2010.0,,Arnage,
rolls-royce_phantom_vii_2003,rolls-royce_phantom_vii,Phantom VII (Series I),2003,2012.0,,RR01,
rolls-royce_phantom_vii_2012,rolls-royce_phantom_vii,Phantom VII (Series II/Facelift),2012,2017.0,2012.0,RR01,
rolls-royce_phantom_viii_2017,rolls-royce_phantom_viii,Phantom VIII,2017,2025.0,,Architecture of Luxury (Al),
rolls-royce_ghost_i_2009,rolls-royce_ghost_i,First Generation (RR2/RR3),2009,2020.0,2014.0,BMW F01/F02 platform derived,
rolls-royce_ghost_i_2020,rolls-royce_ghost_i,Second Generation (RR5),2020,2025.0,,BMW Group Architecture of Luxury (AL),
rolls-royce_ghost_series_i,rolls-royce_ghost_i,Ghost Series I,2009,2019.0,2014.0,RR01,
rolls-royce_ghost_series_ii,rolls-royce_ghost_ii,Ghost Series II,2014,2019.0,,RR01,
rolls-royce_ghost_series_ii_facelift,rolls-royce_ghost_ii_facelift,Ghost Series II (Facelift),2017,2019.0,2017.0,RR01,
rolls-royce_ghost_series_iii,rolls-royce_ghost_iii,Ghost Series III (Current Generation),2020,2025.0,,Architecture of Luxury (Modular),
rolls-royce_wraith_2013,rolls-royce_wraith,Wraith (RR5),2013,2023.0,,RR5 (Ghost/Wraith Platform),
rolls-royce_dawn_series_1,rolls-royce_dawn,Series 1,2016,2023.0,,RR08,
rolls-royce_dawn_series_2,rolls-royce_dawn,Series 2 (Black Badge),2017,2023.0,,RR08,
rolls-royce_cullinan_2018,rolls-royce_cullinan,First Generation,2018,2024.0,,BMW Group Architecture of Luxury (AL),
rolls-royce_cullinan_2024,rolls-royce_cullinan,Second Generation (Facelift),2024,2025.0,2024.0,BMW Group Architecture of Luxury (AL),
rolls-royce_spectre_2024,rolls-royce_spectre,First Generation,2024,2025.0,,Architecture of Luxury (EWB),
aston_martin_v12_vanquish_2001_code,aston_martin_v12_vanquish_2001,Vanquish,2001,2007.0,,VH Platform,
aston_martin_v12_vanquish_s_2004_code,aston_martin_v12_vanquish_s_2004,Vanquish S,2004,2007.0,,VH Platform,
aston_martin_v12_vanquish_2012_code,aston_martin_v12_vanquish_2012,Vanquish,2012,2016.0,,VH Platform,
aston_martin_v12_vanquish_s_2016_code,aston_martin_v12_vanquish_s_2016,Vanquish S,2016,2018.0,,VH Platform,
aston_martin_v8_vantage_2005_code,aston_martin_v8_vantage_2005,V8 Vantage (Coupe/Roadster),2005,2017.0,2012.0,VH Platform,
aston_martin_v8_vantage_2018_code,aston_martin_v8_vantage_2018,V8 Vantage (Coupe/Roadster),2018,2024.0,,SVA Platform,
aston_martin_v8_vantage_2025_code,aston_martin_v8_vantage_2025,V8 Vantage (Coupe/Roadster),2024,2025.0,,Next Generation Platform,
aston_martin_db9_2004_code,aston_martin_db9_2004,Aston Martin DB9,2004,2016.0,2012.0,VH Platform,
aston_martin_dbs_v12_2007_code,aston_martin_dbs_v12_2007,DBS V12,2007,2012.0,,VH Platform,
aston_martin_dbs_superleggera_code,aston_martin_dbs_superleggera,DBS Superleggera,2018,2023.0,,VH Platform,
aston_martin_dbs_770_ultimate_code,aston_martin_dbs_770_ultimate,DBS 770 Ultimate,2023,2024.0,,VH Platform,
aston_martin_virage_2011_code,aston_martin_virage_2011,Virage (Second Generation),2011,2012.0,,VH Platform,
aston_martin_v12_zagato_2011_code,aston_martin_v12_zagato_2011,Aston Martin V12 Zagato,2011,2016.0,,VH Platform,
aston_martin_rapide_2010_code,aston_martin_rapide_2010,Aston Martin Rapide (First Generation),2010,2012.0,,VH Platform,
aston_martin_rapide_s_2012_code,aston_martin_rapide_s_2012,Aston Martin Rapide S (First Generation Facelift),2012,2019.0,2012.0,VH Platform,
aston_martin_rapide_e_2019_code,aston_martin_rapide_e_2019,Aston Martin Rapide E,2019,2020.0,,VH Platform (Electric Variant),
aston_martin_vantage_2005_code,aston_martin_vantage_2005,V8 Vantage (VH Platform),2005,2017.0,2012.0,VH,
aston_martin_vantage_2018_code,aston_martin_vantage_2018,Vantage (New Generation),2018,2024.0,,Aston Martin DB11/DBS Superleggera Platform,
aston_martin_vantage_2024_code,aston_martin_vantage_2024,Vantage (Facelift/Next Gen),2024,2025.0,2024.0,Aston Martin DB11/DBS Superleggera Platform,
aston_martin_db11_2016_code,aston_martin_db11_2016,DB11,2016,2023.0,,Aston Martin VH architecture (heavily revised),
aston_martin_db11_2023_code,aston_martin_db11_2023,DB11 (Updated),2023,2025.0,2023.0,Aston Martin VH architecture (further revised),
aston_martin_dbs_superleggera_2018_code,aston_martin_dbs_superleggera_2018,Aston Martin DBS Superleggera,2018,2024.0,,VH Architecture,
aston_martin_valkyrie_2020_amr_pro,aston_martin_valkyrie_2020,Aston Martin Valkyrie AMR Pro,2022,2025.0,,AMR Pro,
aston_martin_valkyrie_2020_coupe,aston_martin_valkyrie_2020,Aston Martin Valkyrie Coupe,2020,2025.0,,Standard,
aston_martin_valkyrie_2020_roadster,aston_martin_valkyrie_2020,Aston Martin Valkyrie Roadster,2023,2025.0,,Roadster,
aston_martin_v12_speedster_2021,aston_martin_v12_speedster_2021,V12 Speedster,2021,2022.0,,Custom Architecture,
aston_martin_dbx_2020_code,aston_martin_dbx_2020,DBX (First Generation),2020,2024.0,,DBX Platform,
aston_martin_dbx_2025_code,aston_martin_dbx_2025,DBX (Second Generation),2025,2025.0,,New Platform,
aston_martin_valhalla_2024_code,aston_martin_valhalla_2024,Valhalla (First Generation),2024,2025.0,,Aston Martin Modular Mid-Engine Architecture,
aston_martin_dbs_770_ultimate_2023_code,aston_martin_dbs_770_ultimate_2023,DBS 770 Ultimate,2023,2024.0,,VH,
aston_martin_db12_2023_code,aston_martin_db12_2023,VH/DB12,2023,2025.0,,VH,
mclaren_f1_lm_code,mclaren_f1_lm,LM,1995,1995.0,,Original F1,
mclaren_f1_gt_code,mclaren_f1_gt,GT,1997,1997.0,,Original F1,
mclaren_f1_gtrp_code,mclaren_f1_gtrp,GTR Longtail,1997,1997.0,,Original F1,
mclaren_f1_code,mclaren_f1,Original F1 (Road Car),1992,1998.0,,Original F1,
mclaren_f1_gtr_code,mclaren_f1_gtr,GTR (Race Car),1995,1997.0,,Original F1,
mclaren_p1_code,mclaren_p1,P1 (Successor to F1),2013,2015.0,,Super Series,
mclaren_senna_code,mclaren_senna,Senna (Ultimate Series),2018,2020.0,,Ultimate Series,
mclaren_speedtail_code,mclaren_speedtail,Speedtail (Ultimate Series),2020,2021.0,,Ultimate Series,
mclaren_slr_2003,mclaren_slr,McLaren SLR,2003,2009.0,,R199,
mclaren_mp412c_gen1,mclaren_mp412c,MP4-12C,2011,2014.0,,MP4-12C Platform,
mclaren_mp412c_spider_gen1,mclaren_mp412c_spider,First Generation,2012,2015.0,,MP4-12C Platform,
mclaren_650s_coupe_2014,mclaren_650s,650S Coupe,2014,2017.0,,MP4-12C derived,
mclaren_650s_spider_2014,mclaren_650s,650S Spider,2014,2017.0,,MP4-12C derived,
mclaren_650s_gt3_2014,mclaren_650s,650S GT3,2014,2017.0,,MP4-12C derived,
mclaren_570s_2015,mclaren_570s,McLaren 570S,2015,2021.0,,McLaren Sports Series,
mclaren_570s_spider_2016,mclaren_570s_spider,McLaren 570S Spider,2016,2021.0,,McLaren Sports Series,
mclaren_540c_2015,mclaren_540c,McLaren 540C,2015,2021.0,,McLaren Sports Series,
mclaren_675lt_2015,675lt,675LT,2015,2017.0,,Super Series (MP4-12C derivative),
mclaren_675lt_spider_2015,mclaren_675lt_spider,675LT Spider,2015,2017.0,,Super Series (650S basis),
mclaren_600lt_2019,mclaren_600lt,600LT,2019,2020.0,,Sports Series,
mclaren_600lt_spider_1,mclaren_600lt_spider,First Generation,2019,2020.0,,McLaren Sports Series,
mclaren_gt_2019,mclaren_gt,McLaren GT,2019,2023.0,,MCLAREN_FMC,
mclaren_720s_2017,mclaren_720s,McLaren 720S,2017,2023.0,,MCLAREN SUPER SERIES,
mclaren_720s_spider_2017,mclaren_720s_spider,720S Spider,2017,2023.0,,McLaren Super Series,
mclaren_elva_2020,mclaren_elva,Elva,2020,2021.0,,Ultimate Series,
mclaren_artura_gen1,mclaren_artura,First Generation,2021,2025.0,,MCLA (McLaren Carbon Lightweight Architecture),
mclaren_765lt_2020,mclaren_765lt,McLaren 765LT,2020,2021.0,,McLaren Super Series,
mclaren_765lt_spider_2020,mclaren_765lt_spider,765LT Spider,2020,2021.0,,McLaren Super Series,
mclaren_solus_gt_gen1,mclaren_solus_gt,Solus GT,2022,2023.0,,Bespoke/One-off,
mclaren_750s_2023_present,mclaren_750s,McLaren 750S,2023,2025.0,,McLaren Super Series (Successor to 720S),
mclaren_750s_spider_2023,mclaren_750s_spider,750S Spider,2023,2025.0,,McLaren Carbon Lightweight Architecture (MCLA),
lotus_elise_s1_chassis,lotus_elise,Series 1,1996,2001.0,,A115,
lotus_elise_s2_chassis,lotus_elise,Series 2,2001,2011.0,2006.0,A115,
lotus_elise_s3_chassis,lotus_elise,Series 3,2011,2022.0,,A115,
lotus_exige_s1,lotus_exige,Series 1,2000,2004.0,,S1,
lotus_exige_s2,lotus_exige,Series 2,2004,2011.0,2008.0,S2,
lotus_exige_s3,lotus_exige,Series 3,2012,2021.0,2016.0,S3,
lotus_exige_cup_430,lotus_exige,Cup 430,2017,2021.0,,S3,
lotus_exige_final_edition,lotus_exige,Final Edition,2021,2021.0,,S3,
lotus_evora_2009,lotus_evora,Evora,2009,2015.0,,Evora Platform,
lotus_evora_2015,lotus_evora,Evora 400/410/GT430/GT,2015,2021.0,2019.0,Evora Platform,
lotus_evija_2020,lotus_evija,Evija,2020,2025.0,,Type 130,
lotus_emira_2022,lotus_emira,Emira,2022,2025.0,,Type 131,
lotus_europa_s_2006,lotus_europa_s,Europa S,2006,2008.0,,Lotus Series 1,
lotus_europa_s_2008,lotus_europa_s,Europa SE,2008,2010.0,,Lotus Series 1,
mini_r50_gen1,mini_r50,MINI Hatch (R50),2001,2006.0,2004.0,R50,
mini_r52_2004,mini_r52,MINI Convertible (R52),2004,2008.0,,R52,
mini_r53_gen1,mini_r53,MINI Hatch (R53),2001,2006.0,2004.0,R53,
mini_r55_gen1,mini_r55,MINI Clubman (R55),2007,2014.0,2010.0,R55,
mini_r56_gen1,mini_r56,MINI Hatch (R56),2006,2013.0,2010.0,R56,
mini_r57_gen1,mini_r57,MINI Convertible (R57),2009,2015.0,2012.0,R57,
mini_r58_2011_2015,R58,MINI Coupe (R58),2011,2015.0,,MINI R-Platform (2nd Gen),
mini_r59_gen1,mini_r59,MINI Roadster (R59),2012,2015.0,,R-Platform,
mini_r60_gen1,mini_r60,First Generation,2010,2016.0,2012.0,R60,
mini_r61_2013_present,mini_r61,MINI Paceman (R61),2013,2016.0,,R61,
mini_f54_gen1,mini_f54,First Generation (F54),2015,2024.0,2019.0,UKL2,
mini_f55_gen1,mini_f55,First Generation (F55),2014,2021.0,2018.0,UKL1,
mini_f55_gen2,mini_f55,Second Generation (F55 LCI/Facelift),2021,2025.0,,UKL2 (Updated),
mini_f56_gen1,mini_f56,MINI Hatch 3-Door (F56) - First Generation,2014,2018.0,,UKL1,
mini_f56_gen1_fl,mini_f56,MINI Hatch 3-Door (F56) - First Generation Facelift,2018,2025.0,2018.0,UKL1,
mini_f57_gen1,mini_f57,MINI Convertible (F57),2016,2023.0,2021.0,UKL2,
mini_f60_gen1,mini_f60,First Generation (F60),2017,2023.0,2021.0,UKL2,
mini_f60_gen2,mini_f60,Second Generation (F60 LCI/Facelift),2021,2025.0,,UKL2,
mini_j01_gen1,mini_j01,MINI Electric (J01) - First Generation,2023,2025.0,,FAAR (Front Architecture for Agile والر,
mini_r60,mini_countryman_r60,MINI Countryman (R60),2010,2016.0,2012.0,UKL1 (shared with BMW X1 E84),
mini_f60,mini_countryman_f60,MINI Countryman (F60),2017,2023.0,2020.0,UKL2,
mini_u25,mini_countryman_u25,MINI Countryman (U25),2024,2025.0,,Spotlight,
mini_r50_r53,mini_r50_r53,MINI Hatch 3-Door (R50/R53),2000,2006.0,2004.0,R50/R53,
mini_r56,mini_r56,MINI Hatch 3-Door (R56),2006,2013.0,2010.0,R56,
mini_f56,mini_f56,MINI Hatch 3-Door (F56),2014,2023.0,2018.0,F56,
mini_f66,mini_f66,MINI Hatch 3-Door (F66),2023,2025.0,,F66,
mini_f57_code,mini_f57,F57,2016,2023.0,2021.0,UKL2,
mini_r57_code,mini_r57,R57,2009,2015.0,2013.0,R56/R55/R58/R59,
mini_r52_code,mini_r52,R52,2004,2008.0,,R50/R53,
mini_f65_r55_gen1,mini_f65,MINI Hatch 5-Door (F55),2014,2023.0,2017.0,UKL1,
mini_f65_r55_gen2,mini_f65,MINI Hatch 5-Door (F65),2024,2025.0,,FAAR,
mini_aceman_j01,mini_aceman,Aceman (J01),2024,2025.0,,Spotlight,
mg_zs_2017_code,mg_zs_2017,ZS (First Generation),2017,2021.0,,SAIC A16,
mg_zs_2021_facelift_code,mg_zs_2021_facelift,ZS (First Generation Facelift),2021,2025.0,2021.0,SAIC A16,
mg_zs_ev_2020_code,mg_zs_ev_2020,ZS EV (First Generation),2019,2021.0,,SAIC Global Small Platform (GSE),
mg_zs_ev_2021_facelift_code,mg_zs_ev_2021_facelift,ZS EV (First Generation Facelift),2021,2024.0,2021.0,SAIC Global Small Platform (GSE),
mg_zs_ev_2024_code,mg_zs_ev_2024,ZS EV (Second Generation),2024,2025.0,,SAIC Modular Scalable Architecture (SSA),
mg_hs_2018_code,mg_hs_2018,SAIC R-platform,2018,2023.0,2021.0,SAIC R-platform,
mg_hs_2023_code,mg_hs_2023,SAIC R-platform (Facelift),2023,2025.0,,SAIC R-platform,
mg_hs_phev_2021_code,mg_hs_phev_2021,MG HS PHEV (First Generation),2021,2024.0,,J95,
mg_hs_phev_2024_code,mg_hs_phev_2024,MG HS PHEV (Second Generation/Facelift),2024,2025.0,2024.0,J95,
mg_5_2001_code,mg_5_2001,X12,2001,2005.0,2003.0,Rover R400/R200 derived,
mg_5_2012_code,mg_5_2012,SA316,2012,2017.0,2014.0,Roewe i5/MG 5 (First Generation),
mg_5_2017_code,mg_5_2017,SA320,2017,2020.0,2019.0,Roewe i5/MG 5 (Second Generation),
mg_5_2020_code,mg_5_2020,CSA20,2020,2024.0,2022.0,Roewe i5/MG 5 (Third Generation),
mg_5_2024_code,mg_5_2024,CSA21,2024,2025.0,,Roewe i5/MG 5 (Fourth Generation),
mg_5_ev_2020_code,mg_5_ev_2020,SAIC Roewe Ei5 / MG 5 EV (First Generation),2020,2024.0,2023.0,Roewe Ei5 Platform,
mg_5_ev_2024_code,mg_5_ev_2024,MG 5 Electric (Second Generation),2024,2025.0,,New MG Modular Platform,
mg_3_2003_code,mg_3_2003,X100,2003,2005.0,,Rover RDX60,
mg_3_2008_code,mg_3_2008,Roewe 350/MG 3 (China),2008,2011.0,,SAIC Roewe A16,
mg_3_2011_code,mg_3_2011,MG 3 (Global),2011,2018.0,2016.0,SAIC MG3,
mg_3_2018_code,mg_3_2018,MG 3 (China/Global),2018,2024.0,2023.0,SAIC MG3,
mg_3_2024_code,mg_3_2024,MG 3 (New Generation),2024,2025.0,,SAIC Electric Modular Platform,
mg_6_2008_code,mg_6_2008,MG 6 (First Generation),2008,2016.0,2013.0,Roewe R8/MG 6 Platform,
mg_6_2017_code,mg_6_2017,MG 6 (Second Generation),2017,2023.0,2020.0,SAIC M2E Platform,
mg_tf_2002_code,mg_tf_2002,MG TF (XPower),2002,2005.0,,XPower,
mg_tf_2007_code,mg_tf_2007,MG TF LE 80 / MG TF 135,2007,2011.0,,NAC/MG,
mg_tf_2012_code,mg_tf_2012,MG TF (Rebadged Roewe W2),2012,2016.0,,Roewe W2,
mg_tf_2020_code,mg_tf_2020,MG e-Trophy (Electric Race Car based on TF concept),2020,2022.0,,Electric Race Platform,
mg_zt_2001_code,mg_zt_2001,MG ZT (X10),2001,2005.0,2004.0,Rover 75 Platform,
mg_zt_tourer_2003_code,mg_zt_tourer_2003,MG ZT Tourer,2003,2005.0,,X10/X11 (Rover 75 derived),
mg_zr_2001_code,mg_zr_2001,MG ZR (X-Power),2001,2005.0,2003.0,Rover 25 / MG ZR (X-Power),
mg_zs_2001_code,mg_zs_2001,MG ZS (MK1),2001,2005.0,2004.0,MG Rover RWD platform,
mg_zs_2021_code,mg_zs_2021,MG ZS (Second Generation - China/Global),2021,2025.0,,SAIC MG Global Small Platform,
mg_zs_ev_2021_code,mg_zs_ev_2021,MG ZS EV (Second Generation),2021,2025.0,,SAIC MG Global Small Platform (EV variant),
mg_octave_2000_2005,mg_octave_2000,First Generation,2000,2005.0,,R200/R25 derived,
mg_octave_2005_2010,mg_octave_2005,Second Generation,2005,2010.0,2008.0,New Platform (Post-MG Rover),
mg_octave_2010_2017,mg_octave_2010,Third Generation,2010,2017.0,2014.0,SAIC Global Small Platform (GSP),
mg_octave_2017_2025,mg_octave_2017,Fourth Generation,2017,2025.0,2021.0,SAIC Global Small Platform (GSP) Updated,
mg_express_2000_code,mg_express_2000,First Generation (Pre-facelift),2000,2005.0,,Unknown/Legacy,
mg_express_2005_code,mg_express_2005,First Generation (Facelift 1),2005,2010.0,2005.0,Unknown/Legacy,
mg_express_2010_code,mg_express_2010,Second Generation (Pre-facelift),2010,2015.0,,SAIC V-Platform,
mg_express_2015_code,mg_express_2015,Second Generation (Facelift 1),2015,2020.0,2015.0,SAIC V-Platform,
mg_express_2020_code,mg_express_2020,Third Generation (Current),2020,2025.0,,SAIC Global Modular Platform (GMP),
mg_cyberster_2024_code,mg_cyberster_2024,First Generation (Pre-production/Launch),2023,2025.0,,SAIC Modular Scalable Platform (MSP),
mg_4_2022_code,mg_4_2022,MG Mulan (China),2022,2025.0,,SAIC Nebula,
mg_4_ev_2022_gen1,mg_4_ev,MG 4 EV (First Generation),2022,2024.0,,SAIC Nebula,
mg_4_ev_2024_gen2,mg_4_ev,MG 4 EV (Second Generation / Facelift),2024,2025.0,2024.0,SAIC Nebula,
mg_7_2007_code,mg_7_2007,XPower,2007,2013.0,2011.0,Roewe R8/MG ZT derived,
mg_7_2023_code,mg_7_2023,ZS,2023,2025.0,,SSA+,
mg_vanda_2024_code,mg_vanda_2024,MG Vanda (Concept/Early Production),2024,2025.0,,Dedicated EV Platform (Likely SAIC Group),
